Order_ID,Order_Date,Customer,City,State,Product,Category,Quantity,Price,Discount_Amount,Total_Revenue,Order_Status,Gross_Sales,Final_Revenue
ORD0001,2025-04-25,Bhavya,Vijayawada,Andhra Pradesh,BACKPACK,Accessories,1,1890.911,257.85,1461.16,Returned,1719.01,1461.1599999999999
ORD0002,2025-01-16,Ananya,Kochi,Kerala,BACKPACK,Accessories,1,1949.0790000000002,177.19,1594.7,Delivered,1771.89,1594.7
ORD0003,2025-11-29,Riya,Jaipur,Rajasthan,OFFICE CHAIR,Furniture,1,8786.822000000002,798.8,7189.22,Shipped,7988.02,7189.22
ORD0004,2025-03-23,Nikhil,Jaipur,Rajasthan,MONITOR,Electronics,3,14174.952000000001,7731.79,30927.17,Delivered,38658.96,30927.17
ORD0005,2025-02-19,Manoj,Chennai,Tamil Nadu,TABLET,Electronics,3,18187.279000000002,0.0,49601.67,Delivered,49601.67,49601.67
ORD0006,2025-07-13,Ananya,Hyderabad,Telangana,SMARTWATCH,Electronics,4,5596.041000000001,2034.92,18314.32,Cancelled,20349.24,18314.32
ORD0007,2025-02-05,Aditya,Jaipur,Rajasthan,JEANS,Fashion,3,1858.1420000000003,506.77,4560.89,Returned,5067.66,4560.889999999999
ORD0008,2025-02-21,Meena,Mumbai,Maharashtra,T-SHIRT,Fashion,1,937.09,170.38,681.52,Delivered,851.9,681.52
ORD0009,2025-12-10,Harsha,Pune,Maharashtra,BACKPACK,Accessories,2,1922.6900000000003,174.79,3321.01,Returned,3495.8,3321.01
ORD0010,2025-08-25,Meena,Bengaluru,Karnataka,DESK,Furniture,5,7307.014,4982.05,28231.65,Delivered,33213.7,28231.649999999998
ORD0011,2025-06-11,Meena,Pune,Maharashtra,HEADPHONES,Electronics,1,2926.9900000000002,0.0,2660.9,Delivered,2660.9,2660.9
ORD0012,2025-07-22,Varun,Jaipur,Rajasthan,HEADPHONES,Electronics,3,2835.492,0.0,7733.16,Shipped,7733.16,7733.16
ORD0013,2025-05-15,Sanjay,Bengaluru,Karnataka,SMARTWATCH,Electronics,2,6124.250000000001,1670.25,9464.75,Shipped,11135.0,9464.75
ORD0014,2025-02-16,Aditya,Pune,Maharashtra,GAMING MOUSE,Gaming,2,2424.6090000000004,0.0,4408.38,Delivered,4408.38,4408.38
ORD0015,2025-07-15,Sneha,Bengaluru,Karnataka,BACKPACK,Accessories,4,1807.157,657.15,5914.33,Shipped,6571.48,5914.33
ORD0016,2025-12-16,Riya,Kochi,Kerala,SMARTWATCH,Electronics,1,6317.069,861.42,4881.37,Delivered,5742.79,4881.37
ORD0017,2025-05-15,Ravi,Mumbai,Maharashtra,SMARTPHONE,Electronics,4,23976.018000000004,0.0,87185.52,Delivered,87185.52,87185.52
ORD0018,2025-11-08,Deepak,Vijayawada,Andhra Pradesh,COFFEE MAKER,Home Appliances,3,7348.693000000001,4008.38,16033.51,Delivered,20041.89,16033.509999999998
ORD0019,2025-01-01,Sneha,Bengaluru,Karnataka,T-SHIRT,Fashion,5,1073.644,976.04,3904.16,Delivered,4880.2,3904.16
ORD0020,2025-05-03,Aditya,Vijayawada,Andhra Pradesh,LAPTOP,Electronics,3,52537.067,28656.58,114626.33,Delivered,143282.91,114626.33
ORD0021,2025-09-30,Bhavya,Vijayawada,Andhra Pradesh,SMARTPHONE,Electronics,4,22114.994000000002,16083.63,64334.53,Delivered,80418.16,64334.530000000006
ORD0022,2025-08-05,Deepak,Bengaluru,Karnataka,OFFICE CHAIR,Furniture,3,10046.454,2739.94,24659.48,Cancelled,27399.42,24659.48
ORD0023,2025-08-13,Ravi,Mumbai,Maharashtra,SHOES,Fashion,4,3625.512,1977.55,11206.13,Shipped,13183.68,11206.130000000001
ORD0024,2025-10-11,Divya,Chennai,Tamil Nadu,HEADPHONES,Electronics,1,2486.572,113.03,2147.49,Cancelled,2260.52,2147.49
ORD0025,2025-01-17,Kiran,Vijayawada,Andhra Pradesh,LAPTOP,Electronics,1,45217.26,0.0,41106.6,Delivered,41106.6,41106.6
ORD0026,2025-10-20,Sanjay,Mumbai,Maharashtra,HEADPHONES,Electronics,4,2771.582,0.0,10078.48,Shipped,10078.48,10078.48
ORD0027,2025-12-04,Nikhil,Kolkata,West Bengal,T-SHIRT,Fashion,4,909.6780000000001,0.0,3307.92,Delivered,3307.92,3307.92
ORD0028,2025-11-27,Arjun,Kolkata,West Bengal,GAMING MOUSE,Gaming,1,2494.2720000000004,340.13,1927.39,Delivered,2267.52,1927.3899999999999
ORD0029,2025-10-02,Pooja,Pune,Maharashtra,SHOES,Fashion,1,3302.882,0.0,3002.62,Delivered,3002.62,3002.62
ORD0030,2025-02-08,Pooja,Mumbai,Maharashtra,TABLET,Electronics,4,21282.965000000004,0.0,77392.6,Cancelled,77392.6,77392.6
ORD0031,2025-05-02,Charan,Kochi,Kerala,LAPTOP,Electronics,1,53721.030000000006,0.0,48837.3,Shipped,48837.3,48837.3
ORD0032,2025-01-02,Meena,Chennai,Tamil Nadu,MONITOR,Electronics,4,12314.643,0.0,44780.52,Delivered,44780.52,44780.52
ORD0033,2025-03-21,Deepak,Delhi,Delhi,SMARTWATCH,Electronics,5,6314.275000000001,4305.19,24396.06,Delivered,28701.25,24396.06
ORD0034,2025-01-30,Aditya,Jaipur,Rajasthan,LAPTOP,Electronics,5,51954.958000000006,0.0,236158.9,Cancelled,236158.9,236158.9
ORD0035,2025-02-11,Charan,Kochi,Kerala,OFFICE CHAIR,Furniture,2,10211.652,0.0,18566.64,Delivered,18566.64,18566.64
ORD0036,2025-10-19,Divya,Chennai,Tamil Nadu,SMARTPHONE,Electronics,4,26337.322000000004,0.0,95772.08,Cancelled,95772.08,95772.08
ORD0037,2025-10-17,Ravi,Jaipur,Rajasthan,LAPTOP,Electronics,1,51057.99600000001,4641.64,41774.72,Delivered,46416.36,41774.72
ORD0038,2025-12-10,Varun,Pune,Maharashtra,HEADPHONES,Electronics,2,2692.679,244.79,4650.99,Delivered,4895.78,4650.99
ORD0039,2025-10-16,Arjun,Vijayawada,Andhra Pradesh,GAMING KEYBOARD,Gaming,1,5069.944,460.9,4148.14,Delivered,4609.04,4148.14
ORD0040,2025-02-05,Divya,Kochi,Kerala,HEADPHONES,Electronics,3,2988.2930000000006,0.0,8149.89,Delivered,8149.89,8149.89
ORD0041,2025-12-01,Ravi,Kolkata,West Bengal,TABLET,Electronics,5,19017.966000000004,12966.8,73478.5,Delivered,86445.3,73478.5
ORD0042,2025-02-24,Riya,Vijayawada,Andhra Pradesh,SMARTWATCH,Electronics,2,5584.667,507.7,9646.24,Delivered,10153.94,9646.24
ORD0043,2025-12-18,Varun,Jaipur,Rajasthan,SMARTWATCH,Electronics,2,5859.887000000001,1598.15,9056.19,Delivered,10654.34,9056.19
ORD0044,2025-05-22,Aditya,Mumbai,Maharashtra,MONITOR,Electronics,1,13554.508000000002,0.0,12322.28,Delivered,12322.28,12322.28
ORD0045,2025-10-10,Nikhil,Bengaluru,Karnataka,T-SHIRT,Fashion,3,1037.762,0.0,2830.26,Cancelled,2830.2599999999998,2830.2599999999998
ORD0046,2025-07-09,Sanjay,Vijayawada,Andhra Pradesh,SMARTPHONE,Electronics,2,21954.372000000003,3991.7,35925.34,Cancelled,39917.04,35925.340000000004
ORD0047,2025-01-21,Manoj,Bengaluru,Karnataka,GAMING MOUSE,Gaming,1,2354.495,107.02,2033.43,Delivered,2140.45,2033.4299999999998
ORD0048,2025-07-28,Sneha,Vijayawada,Andhra Pradesh,BACKPACK,Accessories,3,2003.7160000000001,1092.94,4371.74,Returned,5464.68,4371.74
ORD0049,2025-07-31,Aarav,Chennai,Tamil Nadu,COFFEE MAKER,Home Appliances,2,7594.400000000001,2761.6,11046.4,Delivered,13808.0,11046.4
ORD0050,2025-12-26,Arjun,Delhi,Delhi,T-SHIRT,Fashion,2,922.5260000000001,83.87,1593.45,Shipped,1677.32,1593.4499999999998
ORD0051,2025-08-24,Manoj,Kolkata,West Bengal,JEANS,Fashion,2,2105.367,0.0,3827.94,Delivered,3827.94,3827.94
ORD0052,2025-02-05,Harsha,Hyderabad,Telangana,HEADPHONES,Electronics,2,2655.543,482.83,4345.43,Delivered,4828.26,4345.43
ORD0053,2025-05-14,Charan,Kochi,Kerala,GAMING MOUSE,Gaming,3,2233.8250000000003,0.0,6092.25,Cancelled,6092.25,6092.25
ORD0054,2025-06-10,Nikhil,Vijayawada,Andhra Pradesh,LAPTOP,Electronics,5,47972.298,21805.59,196250.31,Cancelled,218055.9,196250.31
ORD0055,2025-12-29,Nikhil,Delhi,Delhi,SMARTPHONE,Electronics,5,23012.858,0.0,104603.9,Delivered,104603.9,104603.9
ORD0056,2025-12-07,Kiran,Kochi,Kerala,COFFEE MAKER,Home Appliances,2,7051.759,641.07,12180.31,Cancelled,12821.38,12180.31
ORD0057,2025-07-29,Kiran,Vijayawada,Andhra Pradesh,BACKPACK,Accessories,3,1904.4740000000002,519.4,4674.62,Shipped,5194.0199999999995,4674.62
ORD0058,2025-07-14,Vishnu,Bengaluru,Karnataka,OFFICE CHAIR,Furniture,2,9658.418,1756.08,15804.68,Returned,17560.76,15804.679999999998
ORD0059,2025-01-01,Kavya,Jaipur,Rajasthan,DESK,Furniture,3,7773.821,2120.13,19081.2,Delivered,21201.329999999998,19081.199999999997
ORD0060,2025-08-15,Pooja,Jaipur,Rajasthan,GAMING MOUSE,Gaming,5,2333.969,1591.34,9017.61,Returned,10608.95,9017.61
ORD0061,2025-09-21,Vishnu,Kolkata,West Bengal,OFFICE CHAIR,Furniture,2,8573.565,2338.24,13250.06,Returned,15588.3,13250.06
ORD0062,2025-04-12,Bhavya,Vijayawada,Andhra Pradesh,GAMING KEYBOARD,Gaming,2,4762.318,1298.81,7359.95,Delivered,8658.76,7359.950000000001
ORD0063,2025-08-22,Nikhil,Kolkata,West Bengal,HEADPHONES,Electronics,5,2897.664,2634.24,10536.96,Returned,13171.199999999999,10536.96
ORD0064,2025-12-02,Aarav,Delhi,Delhi,HEADPHONES,Electronics,4,2609.189,948.8,8539.16,Delivered,9487.96,8539.16
ORD0065,2025-05-08,Arjun,Bengaluru,Karnataka,HEADPHONES,Electronics,5,2502.6210000000005,1137.56,10237.99,Shipped,11375.550000000001,10237.990000000002
ORD0066,2025-08-15,Sneha,Kolkata,West Bengal,T-SHIRT,Fashion,5,1008.898,458.59,4127.31,Returned,4585.9,4127.3099999999995
ORD0067,2025-09-01,Pooja,Kochi,Kerala,GAMING MOUSE,Gaming,4,2537.931,0.0,9228.84,Delivered,9228.84,9228.84
ORD0068,2025-05-21,Pooja,Mumbai,Maharashtra,JEANS,Fashion,5,2030.1930000000002,922.82,8305.33,Delivered,9228.150000000001,8305.330000000002
ORD0069,2025-02-11,Bhavya,Mumbai,Maharashtra,HEADPHONES,Electronics,3,2966.1610000000005,404.48,7685.05,Delivered,8089.530000000001,7685.050000000001
ORD0070,2025-06-19,Riya,Bengaluru,Karnataka,GAMING MOUSE,Gaming,2,2378.7940000000003,0.0,4325.08,Shipped,4325.08,4325.08
ORD0071,2025-10-27,Aarav,Chennai,Tamil Nadu,LAPTOP,Electronics,4,53507.905000000006,19457.42,175116.78,Cancelled,194574.2,175116.78000000003
ORD0072,2025-08-03,Riya,Hyderabad,Telangana,MONITOR,Electronics,3,13869.174,1891.25,35933.77,Returned,37825.020000000004,35933.770000000004
ORD0073,2025-08-12,Rahul,Jaipur,Rajasthan,T-SHIRT,Fashion,2,934.45,169.9,1529.1,Delivered,1699.0,1529.1
ORD0074,2025-03-07,Sneha,Delhi,Delhi,GAMING KEYBOARD,Gaming,2,4917.715,1788.26,7153.04,Cancelled,8941.3,7153.039999999999
ORD0075,2025-02-12,Varun,Delhi,Delhi,COFFEE MAKER,Home Appliances,5,7383.09,3355.95,30203.55,Shipped,33559.5,30203.55
ORD0076,2025-06-17,Deepak,Kolkata,West Bengal,JEANS,Fashion,2,1885.0260000000003,0.0,3427.32,Shipped,3427.32,3427.32
ORD0077,2025-08-04,Harsha,Delhi,Delhi,GAMING KEYBOARD,Gaming,3,5396.688,2943.65,11774.59,Delivered,14718.24,11774.59
ORD0078,2025-02-05,Varun,Kochi,Kerala,LAPTOP,Electronics,1,46769.8,2125.9,40392.1,Delivered,42518.0,40392.1
ORD0079,2025-03-06,Rahul,Chennai,Tamil Nadu,HEADPHONES,Electronics,1,2558.809,232.62,2093.57,Returned,2326.19,2093.57
ORD0080,2025-07-08,Charan,Chennai,Tamil Nadu,DESK,Furniture,4,7324.6140000000005,3995.24,22639.72,Cancelled,26634.96,22639.72
ORD0081,2025-01-14,Kavya,Vijayawada,Andhra Pradesh,SHOES,Fashion,2,3244.098,294.92,5603.44,Cancelled,5898.36,5603.44
ORD0082,2025-11-18,Divya,Chennai,Tamil Nadu,GAMING MOUSE,Gaming,1,2512.257,228.39,2055.48,Delivered,2283.87,2055.48
ORD0083,2025-01-22,Manoj,Jaipur,Rajasthan,JEANS,Fashion,1,2171.5980000000004,394.84,1579.34,Cancelled,1974.18,1579.3400000000001
ORD0084,2025-01-07,Nikhil,Pune,Maharashtra,BACKPACK,Accessories,1,2038.432,185.31,1667.81,Shipped,1853.12,1667.81
ORD0085,2025-04-01,Ravi,Pune,Maharashtra,GAMING MOUSE,Gaming,4,2252.052,1228.39,6960.89,Returned,8189.28,6960.889999999999
ORD0086,2025-10-31,Harsha,Kochi,Kerala,DESK,Furniture,4,7600.780000000001,2763.92,24875.28,Delivered,27639.2,24875.28
ORD0087,2025-08-26,Sanjay,Vijayawada,Andhra Pradesh,JEANS,Fashion,3,1878.5690000000002,512.34,4611.03,Cancelled,5123.37,4611.03
ORD0088,2025-09-07,Deepak,Hyderabad,Telangana,GAMING KEYBOARD,Gaming,4,4776.761,3474.01,13896.03,Delivered,17370.04,13896.03
ORD0089,2025-10-12,Aarav,Mumbai,Maharashtra,GAMING KEYBOARD,Gaming,5,5326.31,3631.57,20578.93,Cancelled,24210.5,20578.93
ORD0090,2025-05-04,Rahul,Chennai,Tamil Nadu,SMARTPHONE,Electronics,4,24467.058,8897.11,80074.01,Returned,88971.12,80074.01
ORD0091,2025-12-21,Divya,Hyderabad,Telangana,MONITOR,Electronics,1,12465.013,566.59,10765.24,Delivered,11331.83,10765.24
ORD0092,2025-10-09,Kiran,Kolkata,West Bengal,GAMING KEYBOARD,Gaming,5,4795.318,2179.69,19617.21,Delivered,21796.9,19617.210000000003
ORD0093,2025-04-09,Kiran,Mumbai,Maharashtra,SMARTWATCH,Electronics,3,5590.992000000001,0.0,15248.16,Delivered,15248.16,15248.16
ORD0094,2025-05-22,Sanjay,Bengaluru,Karnataka,T-SHIRT,Fashion,2,1037.2450000000001,0.0,1885.9,Cancelled,1885.9,1885.9
ORD0095,2025-04-02,Kavya,Vijayawada,Andhra Pradesh,SMARTWATCH,Electronics,2,5720.253,520.02,9880.44,Delivered,10400.46,9880.439999999999
ORD0096,2025-12-24,Bhavya,Mumbai,Maharashtra,TABLET,Electronics,1,20011.299000000003,0.0,18192.09,Returned,18192.09,18192.09
ORD0097,2025-08-14,Kiran,Hyderabad,Telangana,SMARTPHONE,Electronics,5,24051.885000000002,5466.34,103860.41,Delivered,109326.75,103860.41
ORD0098,2025-09-09,Ananya,Kolkata,West Bengal,SMARTWATCH,Electronics,1,5524.068,1004.38,4017.5,Cancelled,5021.88,4017.5
ORD0099,2025-05-08,Arjun,Bengaluru,Karnataka,TABLET,Electronics,5,18157.315000000002,4126.66,78406.59,Cancelled,82533.25,78406.59
ORD0100,2025-07-14,Pooja,Jaipur,Rajasthan,DESK,Furniture,5,8124.567000000001,0.0,36929.85,Shipped,36929.85,36929.85
ORD0101,2025-01-31,Sneha,Jaipur,Rajasthan,JEANS,Fashion,4,2007.1810000000003,364.94,6933.9,Returned,7298.84,6933.900000000001
ORD0102,2025-03-22,Divya,Chennai,Tamil Nadu,T-SHIRT,Fashion,2,1021.768,92.89,1764.87,Delivered,1857.76,1764.87
ORD0103,2025-11-01,Rahul,Bengaluru,Karnataka,SMARTPHONE,Electronics,1,23960.442000000003,2178.22,19604.0,Delivered,21782.22,19604.0
ORD0104,2025-02-06,Vishnu,Mumbai,Maharashtra,HEADPHONES,Electronics,3,2947.7800000000007,1205.91,6833.49,Delivered,8039.400000000001,6833.490000000001
ORD0105,2025-04-26,Varun,Jaipur,Rajasthan,T-SHIRT,Fashion,2,913.726,166.13,1495.19,Delivered,1661.32,1495.19
ORD0106,2025-06-07,Sneha,Bengaluru,Karnataka,JEANS,Fashion,1,1847.7030000000002,0.0,1679.73,Returned,1679.73,1679.73
ORD0107,2025-06-05,Meena,Mumbai,Maharashtra,COFFEE MAKER,Home Appliances,4,7105.241000000001,0.0,25837.24,Delivered,25837.24,25837.24
ORD0108,2025-08-10,Kiran,Kolkata,West Bengal,OFFICE CHAIR,Furniture,4,9533.326000000001,0.0,34666.64,Cancelled,34666.64,34666.64
ORD0109,2025-10-22,Sanjay,Vijayawada,Andhra Pradesh,LAPTOP,Electronics,2,52825.993,14407.09,81640.17,Delivered,96047.26,81640.17
ORD0110,2025-08-15,Harsha,Hyderabad,Telangana,DESK,Furniture,2,7729.205000000001,1405.31,12647.79,Delivered,14053.1,12647.79
ORD0111,2025-06-20,Kiran,Kolkata,West Bengal,GAMING MOUSE,Gaming,1,2346.4100000000003,213.31,1919.79,Returned,2133.1,1919.79
ORD0112,2025-05-28,Vishnu,Bengaluru,Karnataka,JEANS,Fashion,3,2056.692,560.92,5048.24,Shipped,5609.16,5048.24
ORD0113,2025-03-01,Meena,Kolkata,West Bengal,LAPTOP,Electronics,1,47048.749,2138.58,40633.01,Cancelled,42771.59,40633.009999999995
ORD0114,2025-09-23,Manoj,Kochi,Kerala,BACKPACK,Accessories,4,1803.4610000000002,655.8,5902.24,Cancelled,6558.04,5902.24
ORD0115,2025-03-09,Kavya,Kolkata,West Bengal,BACKPACK,Accessories,1,1887.7540000000004,0.0,1716.14,Shipped,1716.14,1716.14
ORD0116,2025-03-23,Kavya,Hyderabad,Telangana,SMARTPHONE,Electronics,5,22938.201,20852.91,83411.64,Cancelled,104264.55,83411.64
ORD0117,2025-02-28,Pooja,Delhi,Delhi,OFFICE CHAIR,Furniture,1,10270.524000000001,0.0,9336.84,Delivered,9336.84,9336.84
ORD0118,2025-09-05,Rahul,Mumbai,Maharashtra,MONITOR,Electronics,5,12601.842,8592.17,48688.93,Delivered,57281.1,48688.93
ORD0119,2025-09-18,Bhavya,Bengaluru,Karnataka,OFFICE CHAIR,Furniture,4,10138.898000000001,0.0,36868.72,Delivered,36868.72,36868.72
ORD0120,2025-01-02,Kavya,Delhi,Delhi,T-SHIRT,Fashion,3,991.5290000000001,540.83,2163.34,Returned,2704.17,2163.34
ORD0121,2025-03-18,Pooja,Jaipur,Rajasthan,JEANS,Fashion,5,1975.8970000000002,1347.2,7634.15,Cancelled,8981.35,7634.150000000001
ORD0122,2025-08-22,Kiran,Pune,Maharashtra,GAMING KEYBOARD,Gaming,5,4992.999000000001,4539.09,18156.36,Delivered,22695.45,18156.36
ORD0123,2025-01-23,Kiran,Delhi,Delhi,DESK,Furniture,2,8124.336000000001,2954.3,11817.22,Returned,14771.52,11817.220000000001
ORD0124,2025-11-30,Bhavya,Delhi,Delhi,SHOES,Fashion,4,3725.8430000000003,2032.28,11516.24,Shipped,13548.52,11516.24
ORD0125,2025-08-14,Arjun,Kochi,Kerala,TABLET,Electronics,5,21264.012,4832.73,91821.87,Cancelled,96654.59999999999,91821.87
ORD0126,2025-03-21,Ananya,Bengaluru,Karnataka,LAPTOP,Electronics,4,51032.333000000006,37114.42,148457.7,Shipped,185572.12,148457.7
ORD0127,2025-06-18,Vishnu,Jaipur,Rajasthan,GAMING KEYBOARD,Gaming,4,4534.508,2473.37,14015.75,Cancelled,16489.12,14015.75
ORD0128,2025-05-01,Varun,Kolkata,West Bengal,GAMING KEYBOARD,Gaming,5,5066.281000000001,0.0,23028.55,Returned,23028.55,23028.55
ORD0129,2025-12-27,Arjun,Vijayawada,Andhra Pradesh,HEADPHONES,Electronics,4,2893.198,0.0,10520.72,Shipped,10520.72,10520.72
ORD0130,2025-01-29,Kavya,Mumbai,Maharashtra,SHOES,Fashion,1,3396.36,0.0,3087.6,Delivered,3087.6,3087.6
ORD0131,2025-12-16,Charan,Bengaluru,Karnataka,GAMING MOUSE,Gaming,2,2377.4300000000003,432.26,3890.34,Delivered,4322.6,3890.34
ORD0132,2025-09-12,Sanjay,Jaipur,Rajasthan,SMARTPHONE,Electronics,4,25086.369000000002,9122.32,82100.84,Delivered,91223.16,82100.84
ORD0133,2025-08-27,Kavya,Mumbai,Maharashtra,MONITOR,Electronics,4,13640.462000000001,2480.08,47121.6,Returned,49601.68,47121.6
ORD0134,2025-06-03,Varun,Vijayawada,Andhra Pradesh,TABLET,Electronics,4,21731.105,3951.11,75071.09,Shipped,79022.2,75071.09
ORD0135,2025-02-24,Divya,Mumbai,Maharashtra,MONITOR,Electronics,2,14132.811000000002,2569.6,23126.42,Shipped,25696.02,23126.420000000002
ORD0136,2025-12-04,Meena,Jaipur,Rajasthan,GAMING KEYBOARD,Gaming,3,4747.281000000001,1942.07,11005.06,Delivered,12947.130000000001,11005.060000000001
ORD0137,2025-05-27,Divya,Hyderabad,Telangana,DESK,Furniture,5,7694.962,5246.56,29730.54,Cancelled,34977.1,29730.539999999997
ORD0138,2025-12-04,Vishnu,Chennai,Tamil Nadu,HEADPHONES,Electronics,5,2847.7680000000005,647.22,12297.18,Delivered,12944.400000000001,12297.180000000002
ORD0139,2025-10-24,Manoj,Hyderabad,Telangana,COFFEE MAKER,Home Appliances,3,7065.377,3853.84,15415.37,Returned,19269.21,15415.369999999999
ORD0140,2025-04-13,Bhavya,Mumbai,Maharashtra,SMARTPHONE,Electronics,3,23791.031000000003,9732.69,55151.94,Cancelled,64884.63,55151.939999999995
ORD0141,2025-09-04,Kavya,Kochi,Kerala,OFFICE CHAIR,Furniture,3,8722.703,4757.84,19031.35,Returned,23789.19,19031.35
ORD0142,2025-04-26,Vishnu,Vijayawada,Andhra Pradesh,T-SHIRT,Fashion,4,918.8740000000001,0.0,3341.36,Returned,3341.36,3341.36
ORD0143,2025-01-08,Harsha,Kochi,Kerala,JEANS,Fashion,3,2095.1150000000002,0.0,5713.95,Cancelled,5713.950000000001,5713.950000000001
ORD0144,2025-11-23,Manoj,Pune,Maharashtra,MONITOR,Electronics,3,12885.906,3514.34,31629.04,Delivered,35143.38,31629.039999999997
ORD0145,2025-11-09,Divya,Hyderabad,Telangana,MONITOR,Electronics,5,12745.942000000001,5793.61,52142.49,Returned,57936.1,52142.49
ORD0146,2025-03-13,Aditya,Kolkata,West Bengal,BACKPACK,Accessories,3,1943.689,795.15,4505.82,Delivered,5300.97,4505.820000000001
ORD0147,2025-03-11,Meena,Vijayawada,Andhra Pradesh,MONITOR,Electronics,1,14222.362000000001,0.0,12929.42,Shipped,12929.42,12929.42
ORD0148,2025-03-21,Nikhil,Kochi,Kerala,BACKPACK,Accessories,4,2075.942,754.89,6793.99,Returned,7548.88,6793.99
ORD0149,2025-05-24,Aditya,Kolkata,West Bengal,JEANS,Fashion,5,2153.866,979.03,8811.27,Returned,9790.3,8811.269999999999
ORD0150,2025-02-20,Vishnu,Kolkata,West Bengal,HEADPHONES,Electronics,4,2945.503,0.0,10710.92,Delivered,10710.92,10710.92
ORD0151,2025-03-04,Pooja,Pune,Maharashtra,COFFEE MAKER,Home Appliances,1,6829.515,620.87,5587.78,Delivered,6208.65,5587.78
ORD0152,2025-05-05,Bhavya,Jaipur,Rajasthan,BACKPACK,Accessories,1,2093.5750000000003,0.0,1903.25,Cancelled,1903.25,1903.25
ORD0153,2025-04-30,Kiran,Kochi,Kerala,SMARTPHONE,Electronics,2,22825.209,4150.04,37350.34,Delivered,41500.38,37350.34
ORD0154,2025-03-31,Arjun,Mumbai,Maharashtra,LAPTOP,Electronics,2,49898.134000000005,0.0,90723.88,Returned,90723.88,90723.88
ORD0155,2025-10-29,Kiran,Hyderabad,Telangana,TABLET,Electronics,3,20942.185,11423.01,45692.04,Delivered,57115.049999999996,45692.03999999999
ORD0156,2025-02-28,Ananya,Hyderabad,Telangana,SMARTWATCH,Electronics,2,5954.366000000001,1623.92,9202.2,Shipped,10826.12,9202.2
ORD0157,2025-09-15,Divya,Pune,Maharashtra,T-SHIRT,Fashion,5,912.5930000000001,414.81,3733.34,Cancelled,4148.15,3733.3399999999997
ORD0158,2025-01-16,Aditya,Kochi,Kerala,SHOES,Fashion,3,3620.914,987.52,8887.7,Shipped,9875.22,8887.699999999999
ORD0159,2025-02-07,Ananya,Vijayawada,Andhra Pradesh,GAMING MOUSE,Gaming,4,2618.297,1428.16,8092.92,Delivered,9521.08,8092.92
ORD0160,2025-10-27,Riya,Vijayawada,Andhra Pradesh,TABLET,Electronics,2,20292.294,1844.75,35050.33,Returned,36895.08,35050.33
ORD0161,2025-11-06,Nikhil,Jaipur,Rajasthan,GAMING MOUSE,Gaming,5,2397.5930000000003,544.91,10353.24,Delivered,10898.150000000001,10353.240000000002
ORD0162,2025-04-27,Nikhil,Kochi,Kerala,JEANS,Fashion,2,1960.816,356.51,3208.61,Delivered,3565.12,3208.6099999999997
ORD0163,2025-12-07,Harsha,Delhi,Delhi,GAMING MOUSE,Gaming,1,2384.5580000000004,108.39,2059.39,Delivered,2167.78,2059.3900000000003
ORD0164,2025-02-17,Nikhil,Kolkata,West Bengal,BACKPACK,Accessories,1,2111.384,0.0,1919.44,Delivered,1919.44,1919.44
ORD0165,2025-10-15,Riya,Bengaluru,Karnataka,T-SHIRT,Fashion,5,1007.116,0.0,4577.8,Delivered,4577.799999999999,4577.799999999999
ORD0166,2025-01-27,Kavya,Pune,Maharashtra,GAMING MOUSE,Gaming,4,2621.267,1906.38,7625.5,Cancelled,9531.88,7625.499999999999
ORD0167,2025-12-03,Rahul,Vijayawada,Andhra Pradesh,GAMING KEYBOARD,Gaming,5,4665.606000000001,2120.73,19086.57,Delivered,21207.3,19086.57
ORD0168,2025-10-21,Divya,Kochi,Kerala,GAMING KEYBOARD,Gaming,3,5209.985000000001,0.0,14209.05,Shipped,14209.050000000001,14209.050000000001
ORD0169,2025-01-14,Sneha,Jaipur,Rajasthan,T-SHIRT,Fashion,5,1018.2590000000001,694.27,3934.18,Returned,4628.450000000001,3934.1800000000007
ORD0170,2025-06-23,Manoj,Bengaluru,Karnataka,LAPTOP,Electronics,3,52097.859000000004,21312.76,120772.31,Delivered,142085.07,120772.31000000001
ORD0171,2025-03-14,Varun,Bengaluru,Karnataka,JEANS,Fashion,5,1940.708,1323.21,7498.19,Delivered,8821.4,7498.19
ORD0172,2025-06-24,Charan,Kochi,Kerala,SHOES,Fashion,2,3463.559,629.74,5667.64,Delivered,6297.38,5667.64
ORD0173,2025-01-27,Bhavya,Pune,Maharashtra,SHOES,Fashion,5,3227.8070000000002,1467.18,13204.67,Delivered,14671.849999999999,13204.669999999998
ORD0174,2025-09-06,Sneha,Vijayawada,Andhra Pradesh,LAPTOP,Electronics,3,51103.195,13937.23,125435.12,Shipped,139372.34999999998,125435.11999999998
ORD0175,2025-02-26,Kavya,Chennai,Tamil Nadu,SMARTWATCH,Electronics,5,5862.659,0.0,26648.45,Returned,26648.449999999997,26648.449999999997
ORD0176,2025-11-03,Aditya,Kochi,Kerala,MONITOR,Electronics,3,12462.164,0.0,33987.72,Delivered,33987.72,33987.72
ORD0177,2025-06-17,Arjun,Chennai,Tamil Nadu,SMARTWATCH,Electronics,2,5754.177000000001,2092.43,8369.71,Delivered,10462.14,8369.71
ORD0178,2025-12-27,Divya,Delhi,Delhi,SHOES,Fashion,2,3435.663,0.0,6246.66,Cancelled,6246.66,6246.66
ORD0179,2025-01-22,Nikhil,Pune,Maharashtra,JEANS,Fashion,1,2123.264,193.02,1737.22,Delivered,1930.24,1737.22
ORD0180,2025-07-27,Varun,Vijayawada,Andhra Pradesh,COFFEE MAKER,Home Appliances,3,7048.877,1922.42,17301.79,Shipped,19224.21,17301.79
ORD0181,2025-11-13,Pooja,Delhi,Delhi,SMARTPHONE,Electronics,1,22611.864000000005,1027.81,19528.43,Returned,20556.24,19528.43
ORD0182,2025-07-25,Ravi,Delhi,Delhi,SMARTPHONE,Electronics,1,23888.678,0.0,21716.98,Delivered,21716.98,21716.98
ORD0183,2025-03-28,Ananya,Mumbai,Maharashtra,JEANS,Fashion,3,1913.8900000000003,0.0,5219.7,Cancelled,5219.700000000001,5219.700000000001
ORD0184,2025-11-27,Bhavya,Kochi,Kerala,OFFICE CHAIR,Furniture,2,9068.334,3297.58,13190.3,Delivered,16487.88,13190.300000000001
ORD0185,2025-12-02,Ananya,Mumbai,Maharashtra,TABLET,Electronics,2,20205.504,0.0,36737.28,Delivered,36737.28,36737.28
ORD0186,2025-10-17,Varun,Jaipur,Rajasthan,MONITOR,Electronics,5,13678.192000000001,6217.36,55956.24,Returned,62173.6,55956.24
ORD0187,2025-08-15,Varun,Pune,Maharashtra,GAMING KEYBOARD,Gaming,2,4522.606000000001,822.29,7400.63,Delivered,8222.92,7400.63
ORD0188,2025-08-25,Pooja,Hyderabad,Telangana,DESK,Furniture,3,7044.2570000000005,1921.16,17290.45,Delivered,19211.61,17290.45
ORD0189,2025-02-16,Sneha,Mumbai,Maharashtra,GAMING KEYBOARD,Gaming,1,5310.613,724.17,4103.66,Cancelled,4827.83,4103.66
ORD0190,2025-01-22,Pooja,Kolkata,West Bengal,GAMING MOUSE,Gaming,5,2639.8460000000005,1199.93,10799.37,Cancelled,11999.300000000001,10799.37
ORD0191,2025-02-01,Pooja,Jaipur,Rajasthan,GAMING KEYBOARD,Gaming,4,4604.347000000001,1674.31,15068.77,Delivered,16743.08,15068.770000000002
ORD0192,2025-05-07,Pooja,Vijayawada,Andhra Pradesh,SHOES,Fashion,5,3289.4840000000004,2242.83,12709.37,Shipped,14952.2,12709.37
ORD0193,2025-05-25,Meena,Jaipur,Rajasthan,OFFICE CHAIR,Furniture,2,9112.235,828.38,15739.32,Shipped,16567.7,15739.320000000002
ORD0194,2025-06-21,Ananya,Jaipur,Rajasthan,BACKPACK,Accessories,1,2031.832,369.42,1477.7,Delivered,1847.12,1477.6999999999998
ORD0195,2025-12-03,Sneha,Delhi,Delhi,OFFICE CHAIR,Furniture,3,9768.385000000002,1332.05,25309.0,Delivered,26641.050000000003,25309.000000000004
ORD0196,2025-12-02,Vishnu,Jaipur,Rajasthan,SMARTPHONE,Electronics,2,23281.522,2116.5,40213.54,Shipped,42330.04,40213.54
ORD0197,2025-06-18,Bhavya,Vijayawada,Andhra Pradesh,DESK,Furniture,3,7510.085000000001,2048.21,18433.84,Returned,20482.050000000003,18433.840000000004
ORD0198,2025-06-08,Charan,Delhi,Delhi,SMARTPHONE,Electronics,5,21868.231,4970.05,94431.0,Delivered,99401.04999999999,94430.99999999999
ORD0199,2025-03-21,Ananya,Kolkata,West Bengal,T-SHIRT,Fashion,2,1089.0,0.0,1980.0,Delivered,1980.0,1980.0
ORD0200,2025-11-13,Bhavya,Kochi,Kerala,OFFICE CHAIR,Furniture,5,9652.808,0.0,43876.4,Cancelled,43876.4,43876.4
ORD0201,2025-11-16,Charan,Bengaluru,Karnataka,TABLET,Electronics,2,20563.664000000004,7477.7,29910.78,Returned,37388.48,29910.780000000002
ORD0202,2025-08-16,Sneha,Delhi,Delhi,LAPTOP,Electronics,3,51673.897,21139.32,119789.49,Delivered,140928.81,119789.48999999999
ORD0203,2025-08-29,Deepak,Kochi,Kerala,HEADPHONES,Electronics,2,3006.0800000000004,273.28,5192.32,Delivered,5465.6,5192.320000000001
ORD0204,2025-09-28,Nikhil,Kolkata,West Bengal,MONITOR,Electronics,3,12888.139000000001,7029.89,28119.58,Delivered,35149.47,28119.58
ORD0205,2025-11-25,Rahul,Jaipur,Rajasthan,T-SHIRT,Fashion,2,940.5000000000001,342.0,1368.0,Delivered,1710.0,1368.0
ORD0206,2025-02-12,Charan,Vijayawada,Andhra Pradesh,COFFEE MAKER,Home Appliances,5,6613.2880000000005,6012.08,24048.32,Delivered,30060.4,24048.32
ORD0207,2025-04-24,Pooja,Kochi,Kerala,COFFEE MAKER,Home Appliances,2,7060.581000000001,2567.48,10269.94,Delivered,12837.42,10269.94
ORD0208,2025-07-17,Ananya,Hyderabad,Telangana,GAMING MOUSE,Gaming,4,2358.994,857.82,7720.34,Delivered,8578.16,7720.34
ORD0209,2025-06-21,Bhavya,Pune,Maharashtra,LAPTOP,Electronics,1,51625.574,9386.47,37545.87,Delivered,46932.34,37545.869999999995
ORD0210,2025-08-18,Sneha,Kolkata,West Bengal,SMARTWATCH,Electronics,2,6298.6990000000005,2290.44,9161.74,Delivered,11452.18,9161.74
ORD0211,2025-11-08,Ravi,Mumbai,Maharashtra,LAPTOP,Electronics,2,46030.24800000001,16738.27,66953.09,Shipped,83691.36,66953.09
ORD0212,2025-05-03,Nikhil,Mumbai,Maharashtra,T-SHIRT,Fashion,2,915.123,83.19,1580.67,Returned,1663.86,1580.6699999999998
ORD0213,2025-11-02,Riya,Vijayawada,Andhra Pradesh,MONITOR,Electronics,1,14269.585000000001,2594.47,10377.88,Delivered,12972.35,10377.880000000001
ORD0214,2025-11-11,Manoj,Chennai,Tamil Nadu,DESK,Furniture,2,7591.023000000001,690.09,13111.77,Delivered,13801.86,13111.77
ORD0215,2025-02-04,Ravi,Bengaluru,Karnataka,GAMING MOUSE,Gaming,1,2649.735,240.88,2167.97,Cancelled,2408.85,2167.97
ORD0216,2025-08-29,Aditya,Kochi,Kerala,T-SHIRT,Fashion,5,968.308,0.0,4401.4,Returned,4401.4,4401.4
ORD0217,2025-06-26,Divya,Mumbai,Maharashtra,GAMING KEYBOARD,Gaming,1,5235.637000000001,237.98,4521.69,Returned,4759.67,4521.6900000000005
ORD0218,2025-10-07,Kiran,Jaipur,Rajasthan,T-SHIRT,Fashion,3,899.7780000000001,0.0,2453.94,Returned,2453.94,2453.94
ORD0219,2025-03-11,Ananya,Kolkata,West Bengal,JEANS,Fashion,4,1854.182,1011.37,5731.11,Returned,6742.48,5731.11
ORD0220,2025-01-22,Kiran,Mumbai,Maharashtra,LAPTOP,Electronics,2,52381.97800000001,0.0,95239.96,Delivered,95239.96,95239.96
ORD0221,2025-11-28,Deepak,Kochi,Kerala,GAMING MOUSE,Gaming,4,2195.721,399.22,7585.22,Delivered,7984.44,7585.219999999999
ORD0222,2025-07-08,Nikhil,Hyderabad,Telangana,JEANS,Fashion,3,1831.2910000000002,249.72,4744.71,Shipped,4994.43,4744.71
ORD0223,2025-09-12,Manoj,Delhi,Delhi,COFFEE MAKER,Home Appliances,3,7144.566000000001,0.0,19485.18,Cancelled,19485.18,19485.18
ORD0224,2025-04-03,Riya,Vijayawada,Andhra Pradesh,T-SHIRT,Fashion,4,976.2610000000001,0.0,3550.04,Delivered,3550.04,3550.04
ORD0225,2025-08-17,Sneha,Vijayawada,Andhra Pradesh,SMARTPHONE,Electronics,3,23210.902000000002,9495.37,53807.09,Returned,63302.46,53807.09
ORD0226,2025-06-30,Sneha,Kolkata,West Bengal,TABLET,Electronics,3,17987.728,4905.74,44151.7,Shipped,49057.44,44151.700000000004
ORD0227,2025-07-06,Ravi,Hyderabad,Telangana,BACKPACK,Accessories,1,2034.4500000000003,277.43,1572.07,Returned,1849.5,1572.07
ORD0228,2025-01-18,Bhavya,Bengaluru,Karnataka,LAPTOP,Electronics,5,52284.991,35648.86,202010.19,Delivered,237659.05,202010.19
ORD0229,2025-01-17,Sneha,Pune,Maharashtra,T-SHIRT,Fashion,3,1078.99,294.27,2648.43,Delivered,2942.7,2648.43
ORD0230,2025-03-12,Ravi,Pune,Maharashtra,GAMING KEYBOARD,Gaming,4,4531.12,3295.36,13181.44,Delivered,16476.8,13181.439999999999
ORD0231,2025-04-06,Rahul,Mumbai,Maharashtra,GAMING KEYBOARD,Gaming,2,4480.652000000001,0.0,8146.64,Cancelled,8146.64,8146.64
ORD0232,2025-12-27,Pooja,Kochi,Kerala,COFFEE MAKER,Home Appliances,1,7543.195000000001,342.87,6514.58,Delivered,6857.45,6514.58
ORD0233,2025-02-07,Pooja,Kolkata,West Bengal,SMARTWATCH,Electronics,2,5609.2300000000005,0.0,10198.6,Delivered,10198.6,10198.6
ORD0234,2025-10-05,Kavya,Pune,Maharashtra,SMARTPHONE,Electronics,3,22094.303,9038.58,51218.61,Delivered,60257.19,51218.61
ORD0235,2025-04-13,Bhavya,Bengaluru,Karnataka,SHOES,Fashion,3,3325.8610000000003,907.05,8163.48,Delivered,9070.53,8163.4800000000005
ORD0236,2025-10-10,Bhavya,Pune,Maharashtra,LAPTOP,Electronics,5,48202.22,21910.1,197190.9,Cancelled,219101.0,197190.9
ORD0237,2025-09-27,Nikhil,Mumbai,Maharashtra,SMARTPHONE,Electronics,4,25259.333000000002,13777.82,78074.3,Shipped,91852.12,78074.29999999999
ORD0238,2025-08-27,Vishnu,Bengaluru,Karnataka,SMARTPHONE,Electronics,3,22138.963000000003,9056.85,51322.14,Cancelled,60378.990000000005,51322.14000000001
ORD0239,2025-03-08,Nikhil,Kochi,Kerala,TABLET,Electronics,5,20860.411,0.0,94820.05,Cancelled,94820.04999999999,94820.04999999999
ORD0240,2025-03-24,Kiran,Vijayawada,Andhra Pradesh,JEANS,Fashion,5,1902.428,0.0,8647.4,Returned,8647.4,8647.4
ORD0241,2025-04-11,Varun,Kochi,Kerala,GAMING KEYBOARD,Gaming,3,4533.067000000001,2472.58,9890.33,Cancelled,12362.91,9890.33
ORD0242,2025-11-25,Charan,Mumbai,Maharashtra,TABLET,Electronics,5,18189.974000000002,8268.17,74413.53,Cancelled,82681.7,74413.53
ORD0243,2025-06-22,Sanjay,Bengaluru,Karnataka,TABLET,Electronics,5,21391.920000000002,14585.4,82650.6,Delivered,97236.0,82650.6
ORD0244,2025-10-20,Nikhil,Hyderabad,Telangana,SMARTPHONE,Electronics,5,24931.467000000004,5666.24,107658.61,Cancelled,113324.85,107658.61
ORD0245,2025-09-05,Divya,Kochi,Kerala,MONITOR,Electronics,3,14405.556,5893.18,33394.7,Returned,39287.88,33394.7
ORD0246,2025-08-14,Nikhil,Kolkata,West Bengal,SMARTWATCH,Electronics,1,5517.49,752.38,4263.52,Shipped,5015.9,4263.5199999999995
ORD0247,2025-06-13,Manoj,Pune,Maharashtra,HEADPHONES,Electronics,5,2646.9190000000003,0.0,12031.45,Shipped,12031.45,12031.45
ORD0248,2025-05-04,Pooja,Pune,Maharashtra,T-SHIRT,Fashion,5,912.0210000000001,414.56,3730.99,Delivered,4145.55,3730.9900000000002
ORD0249,2025-07-16,Sneha,Chennai,Tamil Nadu,MONITOR,Electronics,2,12013.595000000001,0.0,21842.9,Shipped,21842.9,21842.9
ORD0250,2025-04-08,Charan,Bengaluru,Karnataka,JEANS,Fashion,3,2067.571,563.88,5074.95,Shipped,5638.83,5074.95
ORD0251,2025-07-21,Ravi,Kolkata,West Bengal,MONITOR,Electronics,3,11941.182000000003,3256.69,29310.17,Shipped,32566.86,29310.170000000002
ORD0252,2025-09-11,Sneha,Jaipur,Rajasthan,HEADPHONES,Electronics,3,2502.797,0.0,6825.81,Returned,6825.8099999999995,6825.8099999999995
ORD0253,2025-03-10,Harsha,Kochi,Kerala,SMARTWATCH,Electronics,1,5575.075000000001,1013.65,4054.6,Returned,5068.25,4054.6
ORD0254,2025-10-19,Riya,Delhi,Delhi,T-SHIRT,Fashion,3,970.3100000000001,0.0,2646.3,Delivered,2646.3,2646.3
ORD0255,2025-10-09,Harsha,Mumbai,Maharashtra,OFFICE CHAIR,Furniture,1,9357.953,850.72,7656.51,Cancelled,8507.23,7656.509999999999
ORD0256,2025-06-23,Riya,Bengaluru,Karnataka,SMARTPHONE,Electronics,1,23586.277000000002,2144.21,19297.86,Delivered,21442.07,19297.86
ORD0257,2025-01-24,Aditya,Jaipur,Rajasthan,HEADPHONES,Electronics,5,2750.0440000000003,1250.02,11250.18,Delivered,12500.2,11250.18
ORD0258,2025-09-21,Bhavya,Kolkata,West Bengal,T-SHIRT,Fashion,5,920.491,418.4,3765.65,Delivered,4184.049999999999,3765.649999999999
ORD0259,2025-06-03,Sanjay,Bengaluru,Karnataka,GAMING KEYBOARD,Gaming,4,5186.929000000001,1886.16,16975.4,Delivered,18861.56,16975.4
ORD0260,2025-06-03,Rahul,Kochi,Kerala,JEANS,Fashion,5,2062.6650000000004,937.58,8438.17,Delivered,9375.75,8438.17
ORD0261,2025-12-19,Varun,Vijayawada,Andhra Pradesh,GAMING KEYBOARD,Gaming,4,4759.601000000001,1730.76,15576.88,Delivered,17307.64,15576.88
ORD0262,2025-01-27,Sanjay,Mumbai,Maharashtra,MONITOR,Electronics,5,12480.710000000001,5673.05,51057.45,Shipped,56730.5,51057.45
ORD0263,2025-05-05,Aditya,Jaipur,Rajasthan,OFFICE CHAIR,Furniture,4,9951.502,0.0,36187.28,Cancelled,36187.28,36187.28
ORD0264,2025-07-31,Deepak,Hyderabad,Telangana,HEADPHONES,Electronics,4,2705.329,491.88,9345.68,Shipped,9837.56,9345.68
ORD0265,2025-02-01,Bhavya,Jaipur,Rajasthan,T-SHIRT,Fashion,4,1058.9810000000002,770.17,3080.67,Cancelled,3850.84,3080.67
ORD0266,2025-03-30,Pooja,Pune,Maharashtra,OFFICE CHAIR,Furniture,4,9119.660000000002,3316.24,29846.16,Cancelled,33162.4,29846.160000000003
ORD0267,2025-05-07,Harsha,Pune,Maharashtra,OFFICE CHAIR,Furniture,3,9320.421000000002,2541.93,22877.4,Cancelled,25419.33,22877.4
ORD0268,2025-12-27,Rahul,Mumbai,Maharashtra,HEADPHONES,Electronics,3,2589.004,1059.14,6001.78,Delivered,7060.92,6001.78
ORD0269,2025-12-13,Riya,Kochi,Kerala,GAMING KEYBOARD,Gaming,3,4575.659,623.95,11855.12,Shipped,12479.07,11855.119999999999
ORD0270,2025-02-10,Manoj,Pune,Maharashtra,JEANS,Fashion,2,1798.6540000000002,163.51,3106.77,Shipped,3270.28,3106.7700000000004
ORD0271,2025-05-19,Riya,Kolkata,West Bengal,SHOES,Fashion,2,3750.8790000000004,0.0,6819.78,Returned,6819.78,6819.78
ORD0272,2025-05-05,Aditya,Vijayawada,Andhra Pradesh,TABLET,Electronics,5,20143.849000000002,13734.44,77828.51,Returned,91562.95,77828.51
ORD0273,2025-08-30,Arjun,Chennai,Tamil Nadu,HEADPHONES,Electronics,1,2702.3150000000005,0.0,2456.65,Returned,2456.65,2456.65
ORD0274,2025-09-01,Rahul,Kochi,Kerala,LAPTOP,Electronics,2,51013.64400000001,9275.21,83476.87,Returned,92752.08,83476.87
ORD0275,2025-02-15,Varun,Mumbai,Maharashtra,T-SHIRT,Fashion,3,1018.8860000000001,138.94,2639.84,Cancelled,2778.7799999999997,2639.8399999999997
ORD0276,2025-04-01,Aditya,Hyderabad,Telangana,OFFICE CHAIR,Furniture,2,10064.802,1829.96,16469.68,Shipped,18299.64,16469.68
ORD0277,2025-11-05,Arjun,Mumbai,Maharashtra,TABLET,Electronics,1,19001.631,0.0,17274.21,Delivered,17274.21,17274.21
ORD0278,2025-03-10,Ravi,Kochi,Kerala,MONITOR,Electronics,5,14227.642,6467.11,58203.99,Shipped,64671.1,58203.99
ORD0279,2025-11-28,Harsha,Vijayawada,Andhra Pradesh,HEADPHONES,Electronics,3,2877.116,0.0,7846.68,Returned,7846.68,7846.68
ORD0280,2025-04-09,Charan,Pune,Maharashtra,LAPTOP,Electronics,3,51226.571,13970.88,125737.95,Cancelled,139708.83000000002,125737.95000000001
ORD0281,2025-12-09,Arjun,Delhi,Delhi,JEANS,Fashion,5,1816.353,412.81,7843.34,Delivered,8256.15,7843.339999999999
ORD0282,2025-05-01,Pooja,Pune,Maharashtra,MONITOR,Electronics,2,12568.468,0.0,22851.76,Delivered,22851.76,22851.76
ORD0283,2025-07-04,Divya,Jaipur,Rajasthan,SMARTWATCH,Electronics,5,5761.481000000001,0.0,26188.55,Delivered,26188.55,26188.55
ORD0284,2025-12-27,Kavya,Mumbai,Maharashtra,MONITOR,Electronics,2,13691.238000000001,2489.32,22403.84,Returned,24893.16,22403.84
ORD0285,2025-03-10,Rahul,Mumbai,Maharashtra,BACKPACK,Accessories,3,1869.4610000000002,509.85,4588.68,Delivered,5098.53,4588.679999999999
ORD0286,2025-08-30,Riya,Jaipur,Rajasthan,SHOES,Fashion,3,3662.164,998.77,8988.95,Returned,9987.72,8988.949999999999
ORD0287,2025-09-27,Pooja,Chennai,Tamil Nadu,T-SHIRT,Fashion,5,1046.903,951.73,3806.92,Cancelled,4758.65,3806.9199999999996
ORD0288,2025-09-16,Deepak,Jaipur,Rajasthan,SMARTPHONE,Electronics,1,25791.271000000004,0.0,23446.61,Cancelled,23446.61,23446.61
ORD0289,2025-03-01,Vishnu,Bengaluru,Karnataka,TABLET,Electronics,3,19880.553,10843.94,43375.75,Delivered,54219.69,43375.75
ORD0290,2025-08-21,Bhavya,Vijayawada,Andhra Pradesh,MONITOR,Electronics,5,14014.946000000002,6370.43,57333.87,Cancelled,63704.3,57333.87
ORD0291,2025-06-07,Aarav,Jaipur,Rajasthan,MONITOR,Electronics,1,13100.681,1190.97,10718.74,Shipped,11909.71,10718.74
ORD0292,2025-08-05,Manoj,Hyderabad,Telangana,JEANS,Fashion,2,1810.919,329.26,2963.32,Returned,3292.58,2963.3199999999997
ORD0293,2025-07-29,Charan,Hyderabad,Telangana,OFFICE CHAIR,Furniture,1,8474.345000000001,770.39,6933.56,Delivered,7703.95,6933.5599999999995
ORD0294,2025-07-13,Meena,Delhi,Delhi,GAMING KEYBOARD,Gaming,4,5362.94,3900.32,15601.28,Delivered,19501.6,15601.279999999999
ORD0295,2025-07-21,Ravi,Pune,Maharashtra,TABLET,Electronics,1,21751.675000000003,0.0,19774.25,Delivered,19774.25,19774.25
ORD0296,2025-10-06,Nikhil,Hyderabad,Telangana,JEANS,Fashion,1,1965.3480000000002,89.33,1697.35,Cancelled,1786.68,1697.3500000000001
ORD0297,2025-05-22,Deepak,Chennai,Tamil Nadu,JEANS,Fashion,2,1919.082,348.92,3140.32,Returned,3489.24,3140.3199999999997
ORD0298,2025-01-09,Divya,Delhi,Delhi,LAPTOP,Electronics,5,53818.754,48926.14,195704.56,Delivered,244630.7,195704.56
ORD0299,2025-12-27,Aditya,Jaipur,Rajasthan,SMARTPHONE,Electronics,1,24673.275,2243.03,20187.22,Delivered,22430.25,20187.22
ORD0300,2025-01-29,Bhavya,Kolkata,West Bengal,GAMING MOUSE,Gaming,2,2283.1600000000003,415.12,3736.08,Cancelled,4151.2,3736.08
ORD0301,2025-12-11,Kiran,Jaipur,Rajasthan,HEADPHONES,Electronics,3,2803.856,764.69,6882.19,Delivered,7646.88,6882.1900000000005
ORD0302,2025-05-21,Aditya,Bengaluru,Karnataka,COFFEE MAKER,Home Appliances,5,7026.393000000001,0.0,31938.15,Cancelled,31938.15,31938.15
ORD0303,2025-06-26,Varun,Bengaluru,Karnataka,COFFEE MAKER,Home Appliances,4,7143.741000000001,2597.72,23379.52,Returned,25977.24,23379.52
ORD0304,2025-03-18,Kavya,Kochi,Kerala,T-SHIRT,Fashion,3,973.4340000000001,398.22,2256.6,Shipped,2654.82,2256.6000000000004
ORD0305,2025-06-03,Bhavya,Kochi,Kerala,T-SHIRT,Fashion,4,1059.1680000000001,0.0,3851.52,Shipped,3851.52,3851.52
ORD0306,2025-07-18,Divya,Delhi,Delhi,OFFICE CHAIR,Furniture,4,9406.089,3420.4,30783.56,Delivered,34203.96,30783.559999999998
ORD0307,2025-10-02,Deepak,Vijayawada,Andhra Pradesh,GAMING KEYBOARD,Gaming,4,4822.367000000001,3507.18,14028.7,Delivered,17535.88,14028.7
ORD0308,2025-04-07,Sanjay,Jaipur,Rajasthan,GAMING MOUSE,Gaming,5,2600.829,0.0,11821.95,Returned,11821.949999999999,11821.949999999999
ORD0309,2025-06-05,Aarav,Kolkata,West Bengal,HEADPHONES,Electronics,2,2973.8720000000003,1081.41,4325.63,Delivered,5407.04,4325.63
ORD0310,2025-12-27,Deepak,Vijayawada,Andhra Pradesh,SHOES,Fashion,4,3657.7200000000003,0.0,13300.8,Shipped,13300.8,13300.8
ORD0311,2025-11-29,Manoj,Pune,Maharashtra,OFFICE CHAIR,Furniture,3,9286.893,2532.79,22795.1,Delivered,25327.89,22795.1
ORD0312,2025-08-29,Kiran,Kochi,Kerala,GAMING KEYBOARD,Gaming,4,4552.625,1655.5,14899.5,Delivered,16555.0,14899.5
ORD0313,2025-03-16,Aarav,Delhi,Delhi,GAMING KEYBOARD,Gaming,1,5310.448,482.77,4344.91,Delivered,4827.68,4344.91
ORD0314,2025-03-20,Deepak,Jaipur,Rajasthan,COFFEE MAKER,Home Appliances,5,7032.135000000001,4794.64,27169.61,Delivered,31964.25,27169.61
ORD0315,2025-12-17,Kiran,Jaipur,Rajasthan,GAMING MOUSE,Gaming,2,2444.5080000000003,444.46,4000.1,Delivered,4444.56,4000.1000000000004
ORD0316,2025-06-30,Charan,Kolkata,West Bengal,SHOES,Fashion,4,3683.867,0.0,13395.88,Delivered,13395.88,13395.88
ORD0317,2025-09-26,Aditya,Bengaluru,Karnataka,MONITOR,Electronics,5,14407.107000000002,9823.03,55663.82,Delivered,65486.850000000006,55663.82000000001
ORD0318,2025-04-29,Ananya,Hyderabad,Telangana,T-SHIRT,Fashion,4,1057.826,0.0,3846.64,Returned,3846.64,3846.64
ORD0319,2025-11-13,Varun,Chennai,Tamil Nadu,LAPTOP,Electronics,5,48244.691,21929.4,197364.65,Returned,219294.05,197364.65
ORD0320,2025-10-10,Nikhil,Kolkata,West Bengal,COFFEE MAKER,Home Appliances,4,6444.460000000001,0.0,23434.4,Delivered,23434.4,23434.4
ORD0321,2025-12-24,Vishnu,Mumbai,Maharashtra,OFFICE CHAIR,Furniture,5,8447.054000000002,1919.79,36475.91,Shipped,38395.700000000004,36475.91
ORD0322,2025-11-14,Ravi,Vijayawada,Andhra Pradesh,SMARTPHONE,Electronics,5,22946.286,0.0,104301.3,Delivered,104301.29999999999,104301.29999999999
ORD0323,2025-08-24,Sanjay,Delhi,Delhi,SMARTWATCH,Electronics,1,6605.753,300.26,5704.97,Delivered,6005.23,5704.969999999999
ORD0324,2025-07-13,Riya,Vijayawada,Andhra Pradesh,SMARTWATCH,Electronics,1,5935.3910000000005,0.0,5395.81,Shipped,5395.81,5395.81
ORD0325,2025-08-11,Varun,Hyderabad,Telangana,BACKPACK,Accessories,2,1979.9450000000002,0.0,3599.9,Delivered,3599.9,3599.9
ORD0326,2025-12-21,Sanjay,Vijayawada,Andhra Pradesh,JEANS,Fashion,5,1872.9920000000002,0.0,8513.6,Shipped,8513.6,8513.6
ORD0327,2025-01-17,Charan,Vijayawada,Andhra Pradesh,LAPTOP,Electronics,3,50128.749,13671.48,123043.29,Delivered,136714.77,123043.29
ORD0328,2025-07-23,Ananya,Jaipur,Rajasthan,HEADPHONES,Electronics,2,2926.385,1064.14,4256.56,Delivered,5320.7,4256.5599999999995
ORD0329,2025-12-13,Riya,Chennai,Tamil Nadu,DESK,Furniture,5,8238.142000000002,7489.22,29956.88,Delivered,37446.1,29956.879999999997
ORD0330,2025-06-27,Aditya,Bengaluru,Karnataka,T-SHIRT,Fashion,1,1038.598,94.42,849.76,Delivered,944.18,849.76
ORD0331,2025-11-01,Meena,Vijayawada,Andhra Pradesh,HEADPHONES,Electronics,3,2897.9500000000003,790.35,7113.15,Delivered,7903.5,7113.15
ORD0332,2025-10-11,Meena,Mumbai,Maharashtra,BACKPACK,Accessories,4,1872.3430000000003,680.85,6127.67,Shipped,6808.52,6127.67
ORD0333,2025-06-01,Divya,Jaipur,Rajasthan,BACKPACK,Accessories,4,2087.7780000000002,0.0,7591.92,Returned,7591.92,7591.92
ORD0334,2025-11-21,Bhavya,Mumbai,Maharashtra,SMARTPHONE,Electronics,2,25224.518000000004,4586.28,41276.48,Returned,45862.76,41276.48
ORD0335,2025-06-07,Pooja,Pune,Maharashtra,GAMING KEYBOARD,Gaming,1,4460.148,0.0,4054.68,Delivered,4054.68,4054.68
ORD0336,2025-10-13,Riya,Bengaluru,Karnataka,SMARTPHONE,Electronics,1,23865.941000000003,0.0,21696.31,Cancelled,21696.31,21696.31
ORD0337,2025-11-02,Sneha,Hyderabad,Telangana,SMARTPHONE,Electronics,1,24462.427000000003,1111.93,21126.64,Delivered,22238.57,21126.64
ORD0338,2025-10-14,Divya,Mumbai,Maharashtra,LAPTOP,Electronics,4,52263.772,19005.01,171045.07,Cancelled,190050.08,171045.06999999998
ORD0339,2025-05-18,Rahul,Delhi,Delhi,TABLET,Electronics,2,18884.921000000002,0.0,34336.22,Delivered,34336.22,34336.22
ORD0340,2025-02-09,Manoj,Delhi,Delhi,TABLET,Electronics,3,19007.021,5183.73,46653.6,Delivered,51837.33,46653.600000000006
ORD0341,2025-02-24,Bhavya,Kolkata,West Bengal,SHOES,Fashion,5,3305.6650000000004,1502.58,13523.17,Delivered,15025.75,13523.17
ORD0342,2025-06-18,Pooja,Pune,Maharashtra,GAMING MOUSE,Gaming,5,2567.1690000000003,1166.89,10502.06,Delivered,11668.95,10502.060000000001
ORD0343,2025-12-22,Deepak,Jaipur,Rajasthan,JEANS,Fashion,2,1908.9840000000002,173.54,3297.34,Shipped,3470.88,3297.34
ORD0344,2025-11-21,Rahul,Delhi,Delhi,TABLET,Electronics,3,20730.105,2826.83,53709.82,Cancelled,56536.649999999994,53709.81999999999
ORD0345,2025-07-06,Arjun,Delhi,Delhi,GAMING KEYBOARD,Gaming,3,5233.008,2854.37,11417.47,Cancelled,14271.84,11417.470000000001
ORD0346,2025-01-14,Pooja,Kochi,Kerala,DESK,Furniture,2,8112.137000000001,2212.4,12536.94,Returned,14749.34,12536.94
ORD0347,2025-07-29,Vishnu,Mumbai,Maharashtra,MONITOR,Electronics,1,14118.159000000001,2566.94,10267.75,Shipped,12834.69,10267.75
ORD0348,2025-08-05,Meena,Mumbai,Maharashtra,BACKPACK,Accessories,2,2042.832,185.71,3528.53,Delivered,3714.24,3528.5299999999997
ORD0349,2025-12-21,Nikhil,Kolkata,West Bengal,DESK,Furniture,5,7752.921,3524.05,31716.5,Cancelled,35240.549999999996,31716.499999999996
ORD0350,2025-02-13,Arjun,Pune,Maharashtra,T-SHIRT,Fashion,5,1017.3570000000001,462.44,4161.91,Delivered,4624.35,4161.910000000001
ORD0351,2025-12-13,Varun,Jaipur,Rajasthan,TABLET,Electronics,1,21715.089000000004,1974.1,17766.89,Shipped,19740.99,17766.890000000003
ORD0352,2025-04-24,Ravi,Delhi,Delhi,T-SHIRT,Fashion,1,910.5250000000001,0.0,827.75,Returned,827.75,827.75
ORD0353,2025-07-20,Pooja,Jaipur,Rajasthan,OFFICE CHAIR,Furniture,5,9248.602,0.0,42039.1,Returned,42039.1,42039.1
ORD0354,2025-09-05,Arjun,Kochi,Kerala,SHOES,Fashion,2,3870.3830000000007,351.85,6685.21,Delivered,7037.06,6685.21
ORD0355,2025-03-14,Manoj,Vijayawada,Andhra Pradesh,COFFEE MAKER,Home Appliances,1,7780.168000000001,1414.58,5658.3,Delivered,7072.88,5658.3
ORD0356,2025-02-19,Pooja,Chennai,Tamil Nadu,MONITOR,Electronics,5,12799.512,5817.96,52361.64,Returned,58179.6,52361.64
ORD0357,2025-02-28,Aarav,Vijayawada,Andhra Pradesh,GAMING KEYBOARD,Gaming,3,5257.087,0.0,14337.51,Delivered,14337.51,14337.51
ORD0358,2025-03-23,Kiran,Bengaluru,Karnataka,BACKPACK,Accessories,2,1851.0800000000002,336.56,3029.04,Cancelled,3365.6,3029.04
ORD0359,2025-11-24,Vishnu,Chennai,Tamil Nadu,MONITOR,Electronics,4,12366.948000000002,6745.61,38225.11,Shipped,44970.72,38225.11
ORD0360,2025-07-19,Aarav,Jaipur,Rajasthan,LAPTOP,Electronics,2,50412.81300000001,9165.97,82493.69,Returned,91659.66,82493.69
ORD0361,2025-10-02,Charan,Mumbai,Maharashtra,HEADPHONES,Electronics,1,2530.9680000000003,230.09,2070.79,Delivered,2300.88,2070.79
ORD0362,2025-09-08,Ravi,Kolkata,West Bengal,HEADPHONES,Electronics,1,2843.885,129.27,2456.08,Returned,2585.35,2456.08
ORD0363,2025-06-28,Manoj,Delhi,Delhi,DESK,Furniture,5,7833.991000000001,3560.91,32048.14,Shipped,35609.05,32048.140000000003
ORD0364,2025-03-10,Kiran,Mumbai,Maharashtra,TABLET,Electronics,5,18155.621000000003,8252.56,74272.99,Delivered,82525.55,74272.99
ORD0365,2025-09-19,Meena,Vijayawada,Andhra Pradesh,SMARTWATCH,Electronics,2,6284.058,571.28,10854.28,Shipped,11425.56,10854.279999999999
ORD0366,2025-11-22,Riya,Jaipur,Rajasthan,TABLET,Electronics,4,18555.581000000002,6747.48,60727.36,Returned,67474.84,60727.36
ORD0367,2025-06-11,Pooja,Bengaluru,Karnataka,OFFICE CHAIR,Furniture,4,8677.35,1577.7,29976.3,Cancelled,31554.0,29976.3
ORD0368,2025-07-16,Riya,Pune,Maharashtra,JEANS,Fashion,1,1836.0650000000003,166.91,1502.24,Cancelled,1669.15,1502.24
ORD0369,2025-09-08,Charan,Kolkata,West Bengal,GAMING MOUSE,Gaming,4,2584.5050000000006,1409.73,7988.47,Delivered,9398.2,7988.470000000001
ORD0370,2025-10-03,Kavya,Chennai,Tamil Nadu,LAPTOP,Electronics,3,47271.048,0.0,128921.04,Delivered,128921.04000000001,128921.04000000001
ORD0371,2025-02-28,Harsha,Kolkata,West Bengal,DESK,Furniture,5,7104.35,3229.25,29063.25,Cancelled,32292.5,29063.25
ORD0372,2025-08-06,Arjun,Hyderabad,Telangana,OFFICE CHAIR,Furniture,4,8823.672,3208.61,28877.47,Returned,32086.08,28877.47
ORD0373,2025-02-14,Pooja,Hyderabad,Telangana,SMARTWATCH,Electronics,4,5866.773000000001,1066.69,20267.03,Delivered,21333.72,20267.030000000002
ORD0374,2025-11-20,Nikhil,Jaipur,Rajasthan,HEADPHONES,Electronics,3,2865.9180000000006,1563.23,6252.91,Delivered,7816.14,6252.91
ORD0375,2025-06-29,Riya,Chennai,Tamil Nadu,TABLET,Electronics,2,18055.059,6565.48,26261.9,Delivered,32827.38,26261.899999999998
ORD0376,2025-10-21,Harsha,Bengaluru,Karnataka,OFFICE CHAIR,Furniture,3,8962.228000000001,3666.37,20776.07,Cancelled,24442.44,20776.07
ORD0377,2025-03-06,Bhavya,Delhi,Delhi,TABLET,Electronics,1,21253.507,966.07,18355.3,Delivered,19321.37,18355.3
ORD0378,2025-07-21,Rahul,Pune,Maharashtra,SHOES,Fashion,2,3761.8680000000004,1367.95,5471.81,Delivered,6839.76,5471.81
ORD0379,2025-11-21,Ananya,Mumbai,Maharashtra,BACKPACK,Accessories,4,1960.9920000000002,713.09,6417.79,Shipped,7130.88,6417.79
ORD0380,2025-06-17,Sanjay,Mumbai,Maharashtra,SHOES,Fashion,3,3836.976,1046.45,9418.03,Delivered,10464.48,9418.029999999999
ORD0381,2025-10-01,Meena,Kolkata,West Bengal,SHOES,Fashion,3,3212.5830000000005,1752.32,7009.27,Delivered,8761.59,7009.27
ORD0382,2025-05-26,Kiran,Chennai,Tamil Nadu,JEANS,Fashion,4,1909.853,347.25,6597.67,Cancelled,6944.92,6597.67
ORD0383,2025-12-16,Aditya,Jaipur,Rajasthan,TABLET,Electronics,4,19181.206000000002,13949.97,55799.87,Delivered,69749.84,55799.869999999995
ORD0384,2025-03-22,Pooja,Kolkata,West Bengal,BACKPACK,Accessories,1,2150.06,0.0,1954.6,Shipped,1954.6,1954.6
ORD0385,2025-05-21,Ananya,Chennai,Tamil Nadu,GAMING MOUSE,Gaming,2,2324.1020000000003,633.85,3591.79,Returned,4225.64,3591.7900000000004
ORD0386,2025-03-26,Aditya,Vijayawada,Andhra Pradesh,SMARTWATCH,Electronics,3,6538.598000000001,2674.88,15157.66,Shipped,17832.54,15157.66
ORD0387,2025-02-18,Aarav,Chennai,Tamil Nadu,SHOES,Fashion,4,3232.2070000000003,1763.02,9990.46,Delivered,11753.48,9990.46
ORD0388,2025-08-16,Aarav,Bengaluru,Karnataka,SMARTPHONE,Electronics,5,24294.105,0.0,110427.75,Delivered,110427.75,110427.75
ORD0389,2025-02-06,Divya,Vijayawada,Andhra Pradesh,JEANS,Fashion,4,1834.338,1000.55,5669.77,Shipped,6670.32,5669.7699999999995
ORD0390,2025-06-03,Bhavya,Vijayawada,Andhra Pradesh,SHOES,Fashion,1,3426.764,155.76,2959.48,Shipped,3115.24,2959.4799999999996
ORD0391,2025-11-09,Varun,Bengaluru,Karnataka,BACKPACK,Accessories,1,2005.0580000000002,182.28,1640.5,Delivered,1822.78,1640.5
ORD0392,2025-08-15,Deepak,Chennai,Tamil Nadu,GAMING KEYBOARD,Gaming,2,5064.917,920.89,8288.05,Delivered,9208.94,8288.050000000001
ORD0393,2025-08-08,Kiran,Vijayawada,Andhra Pradesh,TABLET,Electronics,5,19340.761,13186.88,74725.67,Delivered,87912.54999999999,74725.66999999998
ORD0394,2025-11-08,Kavya,Vijayawada,Andhra Pradesh,SMARTWATCH,Electronics,2,6172.210000000001,1122.22,10099.98,Returned,11222.2,10099.980000000001
ORD0395,2025-04-07,Meena,Mumbai,Maharashtra,JEANS,Fashion,2,2022.3390000000002,367.7,3309.28,Delivered,3676.98,3309.28
ORD0396,2025-09-13,Varun,Chennai,Tamil Nadu,T-SHIRT,Fashion,4,913.3190000000001,332.12,2989.04,Cancelled,3321.16,2989.04
ORD0397,2025-10-19,Nikhil,Hyderabad,Telangana,OFFICE CHAIR,Furniture,3,8661.807,1181.16,22441.95,Delivered,23623.11,22441.95
ORD0398,2025-10-28,Ananya,Bengaluru,Karnataka,BACKPACK,Accessories,4,1810.9080000000001,1317.02,5268.1,Delivered,6585.12,5268.1
ORD0399,2025-05-27,Varun,Hyderabad,Telangana,HEADPHONES,Electronics,1,2693.889,489.8,1959.19,Returned,2448.99,1959.1899999999998
ORD0400,2025-11-24,Riya,Delhi,Delhi,T-SHIRT,Fashion,4,970.6510000000001,529.45,3000.19,Cancelled,3529.64,3000.1899999999996
ORD0401,2025-04-15,Bhavya,Mumbai,Maharashtra,TABLET,Electronics,1,18132.928,824.22,15660.26,Cancelled,16484.48,15660.26
ORD0402,2025-05-03,Aditya,Jaipur,Rajasthan,GAMING MOUSE,Gaming,1,2516.1620000000003,114.37,2173.05,Delivered,2287.42,2173.05
ORD0403,2025-01-29,Kavya,Delhi,Delhi,COFFEE MAKER,Home Appliances,1,7310.589,664.6,5981.39,Returned,6645.99,5981.389999999999
ORD0404,2025-09-12,Manoj,Hyderabad,Telangana,SMARTPHONE,Electronics,2,21834.934,5954.98,33744.9,Cancelled,39699.88,33744.899999999994
ORD0405,2025-05-18,Arjun,Mumbai,Maharashtra,T-SHIRT,Fashion,2,916.1350000000001,83.28,1582.42,Delivered,1665.7,1582.42
ORD0406,2025-12-31,Sanjay,Delhi,Delhi,T-SHIRT,Fashion,3,903.6500000000001,246.45,2218.05,Returned,2464.5,2218.05
ORD0407,2025-10-18,Charan,Kolkata,West Bengal,MONITOR,Electronics,5,12026.355,2733.26,51931.99,Delivered,54665.25,51931.99
ORD0408,2025-04-27,Ravi,Vijayawada,Andhra Pradesh,SMARTWATCH,Electronics,5,6319.566000000001,4308.8,24416.5,Delivered,28725.300000000003,24416.500000000004
ORD0409,2025-07-16,Bhavya,Hyderabad,Telangana,JEANS,Fashion,2,1968.824,0.0,3579.68,Delivered,3579.68,3579.68
ORD0410,2025-06-13,Harsha,Delhi,Delhi,OFFICE CHAIR,Furniture,2,8879.255000000001,807.21,15336.89,Delivered,16144.1,15336.89
ORD0411,2025-04-02,Divya,Vijayawada,Andhra Pradesh,GAMING KEYBOARD,Gaming,5,5347.925,3646.31,20662.44,Cancelled,24308.75,20662.44
ORD0412,2025-06-09,Kiran,Vijayawada,Andhra Pradesh,GAMING MOUSE,Gaming,4,2314.642,1683.38,6733.5,Delivered,8416.88,6733.499999999999
ORD0413,2025-06-05,Sneha,Hyderabad,Telangana,MONITOR,Electronics,3,12649.813,0.0,34499.49,Delivered,34499.49,34499.49
ORD0414,2025-10-07,Divya,Jaipur,Rajasthan,GAMING KEYBOARD,Gaming,4,5223.130000000001,3798.64,15194.56,Delivered,18993.2,15194.560000000001
ORD0415,2025-11-22,Aarav,Delhi,Delhi,COFFEE MAKER,Home Appliances,1,7209.411000000001,0.0,6554.01,Delivered,6554.01,6554.01
ORD0416,2025-05-02,Nikhil,Delhi,Delhi,T-SHIRT,Fashion,3,931.623,0.0,2540.79,Shipped,2540.79,2540.79
ORD0417,2025-09-24,Nikhil,Mumbai,Maharashtra,TABLET,Electronics,1,21468.249000000003,0.0,19516.59,Returned,19516.59,19516.59
ORD0418,2025-11-23,Meena,Vijayawada,Andhra Pradesh,MONITOR,Electronics,5,13214.333000000002,0.0,60065.15,Delivered,60065.15,60065.15
ORD0419,2025-05-02,Kavya,Hyderabad,Telangana,DESK,Furniture,4,8414.901,4589.95,26009.69,Delivered,30599.64,26009.69
ORD0420,2025-04-30,Ananya,Delhi,Delhi,COFFEE MAKER,Home Appliances,3,7082.4490000000005,965.79,18349.98,Delivered,19315.77,18349.98
ORD0421,2025-08-19,Pooja,Jaipur,Rajasthan,T-SHIRT,Fashion,1,911.922,0.0,829.02,Delivered,829.02,829.02
ORD0422,2025-06-07,Pooja,Kochi,Kerala,SMARTPHONE,Electronics,3,22784.96,12428.16,49712.64,Delivered,62140.799999999996,49712.64
ORD0423,2025-11-05,Aditya,Bengaluru,Karnataka,SMARTPHONE,Electronics,3,25190.770000000004,13740.42,54961.68,Delivered,68702.1,54961.68000000001
ORD0424,2025-01-26,Vishnu,Vijayawada,Andhra Pradesh,TABLET,Electronics,2,19389.128,1762.65,33490.31,Delivered,35252.96,33490.31
ORD0425,2025-10-12,Riya,Bengaluru,Karnataka,JEANS,Fashion,1,2120.4260000000004,192.77,1734.89,Delivered,1927.66,1734.89
ORD0426,2025-04-24,Bhavya,Vijayawada,Andhra Pradesh,MONITOR,Electronics,2,11911.570000000002,0.0,21657.4,Delivered,21657.4,21657.4
ORD0427,2025-02-08,Aarav,Vijayawada,Andhra Pradesh,GAMING KEYBOARD,Gaming,5,4711.234,2141.47,19273.23,Delivered,21414.699999999997,19273.229999999996
ORD0428,2025-06-19,Arjun,Kolkata,West Bengal,COFFEE MAKER,Home Appliances,2,7729.260000000001,0.0,14053.2,Delivered,14053.2,14053.2
ORD0429,2025-07-22,Rahul,Bengaluru,Karnataka,LAPTOP,Electronics,5,52684.687000000005,23947.58,215528.27,Delivered,239475.84999999998,215528.26999999996
ORD0430,2025-04-06,Harsha,Delhi,Delhi,BACKPACK,Accessories,2,1867.0300000000002,169.73,3224.87,Delivered,3394.6,3224.87
ORD0431,2025-05-06,Varun,Bengaluru,Karnataka,COFFEE MAKER,Home Appliances,1,7320.423000000001,665.49,5989.44,Delivered,6654.93,5989.4400000000005
ORD0432,2025-07-16,Bhavya,Kochi,Kerala,GAMING MOUSE,Gaming,4,2220.46,0.0,8074.4,Shipped,8074.4,8074.4
ORD0433,2025-10-06,Aarav,Kochi,Kerala,BACKPACK,Accessories,2,2175.657,593.36,3362.38,Shipped,3955.74,3362.3799999999997
ORD0434,2025-09-15,Kiran,Kochi,Kerala,MONITOR,Electronics,4,14289.462000000001,2598.08,49363.6,Shipped,51961.68,49363.6
ORD0435,2025-05-24,Aditya,Hyderabad,Telangana,TABLET,Electronics,3,18687.317000000003,5096.54,45868.87,Shipped,50965.41,45868.87
ORD0436,2025-12-03,Divya,Jaipur,Rajasthan,GAMING KEYBOARD,Gaming,2,4554.1320000000005,0.0,8280.24,Delivered,8280.24,8280.24
ORD0437,2025-07-18,Manoj,Hyderabad,Telangana,JEANS,Fashion,2,2117.2140000000004,384.95,3464.53,Delivered,3849.48,3464.53
ORD0438,2025-07-03,Sanjay,Jaipur,Rajasthan,HEADPHONES,Electronics,3,2880.9550000000004,1571.43,6285.72,Delivered,7857.150000000001,6285.72
ORD0439,2025-09-10,Riya,Jaipur,Rajasthan,DESK,Furniture,2,8390.492,1525.54,13729.9,Delivered,15255.44,13729.900000000001
ORD0440,2025-04-23,Aarav,Hyderabad,Telangana,MONITOR,Electronics,1,12494.130000000001,0.0,11358.3,Cancelled,11358.3,11358.3
ORD0441,2025-06-24,Charan,Pune,Maharashtra,LAPTOP,Electronics,5,52533.81100000001,0.0,238790.05,Delivered,238790.05000000002,238790.05000000002
ORD0442,2025-02-26,Ravi,Bengaluru,Karnataka,LAPTOP,Electronics,5,53630.522,36566.26,207208.84,Delivered,243775.09999999998,207208.83999999997
ORD0443,2025-06-15,Bhavya,Delhi,Delhi,GAMING KEYBOARD,Gaming,5,4788.19,0.0,21764.5,Delivered,21764.5,21764.5
ORD0444,2025-10-15,Sneha,Kolkata,West Bengal,T-SHIRT,Fashion,3,1031.019,0.0,2811.87,Delivered,2811.87,2811.87
ORD0445,2025-12-19,Kavya,Jaipur,Rajasthan,BACKPACK,Accessories,2,1903.506,346.09,3114.83,Delivered,3460.92,3114.83
ORD0446,2025-10-18,Aditya,Hyderabad,Telangana,SHOES,Fashion,5,3766.9280000000003,1712.24,15410.16,Delivered,17122.4,15410.160000000002
ORD0447,2025-09-12,Bhavya,Jaipur,Rajasthan,GAMING KEYBOARD,Gaming,2,5014.900000000001,1367.7,7750.3,Delivered,9118.0,7750.3
ORD0448,2025-02-15,Vishnu,Pune,Maharashtra,HEADPHONES,Electronics,3,2824.8990000000003,0.0,7704.27,Returned,7704.27,7704.27
ORD0449,2025-02-04,Manoj,Hyderabad,Telangana,MONITOR,Electronics,3,12538.79,0.0,34196.7,Delivered,34196.7,34196.7
ORD0450,2025-08-03,Charan,Hyderabad,Telangana,SHOES,Fashion,1,3476.5060000000003,316.05,2844.41,Shipped,3160.46,2844.41
ORD0451,2025-09-03,Sanjay,Delhi,Delhi,COFFEE MAKER,Home Appliances,3,6971.745000000001,1901.38,17112.47,Returned,19013.85,17112.469999999998
ORD0452,2025-05-31,Aarav,Kolkata,West Bengal,TABLET,Electronics,1,21169.214000000004,3848.95,15395.79,Delivered,19244.74,15395.79
ORD0453,2025-03-24,Ananya,Vijayawada,Andhra Pradesh,SMARTPHONE,Electronics,3,26077.590000000004,0.0,71120.7,Cancelled,71120.70000000001,71120.70000000001
ORD0454,2025-08-09,Varun,Jaipur,Rajasthan,GAMING KEYBOARD,Gaming,5,5152.455000000001,2342.03,21078.22,Delivered,23420.25,21078.22
ORD0455,2025-04-16,Deepak,Delhi,Delhi,COFFEE MAKER,Home Appliances,2,6579.804000000001,0.0,11963.28,Shipped,11963.28,11963.28
ORD0456,2025-05-02,Arjun,Kochi,Kerala,SHOES,Fashion,3,3366.1870000000004,1377.08,7803.43,Delivered,9180.51,7803.43
ORD0457,2025-01-02,Nikhil,Kochi,Kerala,DESK,Furniture,4,7013.941000000001,0.0,25505.24,Delivered,25505.24,25505.24
ORD0458,2025-04-16,Charan,Jaipur,Rajasthan,JEANS,Fashion,4,1820.4120000000003,0.0,6619.68,Returned,6619.68,6619.68
ORD0459,2025-08-30,Rahul,Kolkata,West Bengal,SMARTPHONE,Electronics,1,25578.806,1162.67,22090.79,Returned,23253.46,22090.79
ORD0460,2025-07-15,Manoj,Kochi,Kerala,SMARTPHONE,Electronics,4,23575.739000000005,0.0,85729.96,Delivered,85729.96,85729.96
ORD0461,2025-05-18,Sanjay,Mumbai,Maharashtra,LAPTOP,Electronics,4,47157.671,17148.24,154334.2,Delivered,171482.44,154334.2
ORD0462,2025-10-05,Nikhil,Vijayawada,Andhra Pradesh,T-SHIRT,Fashion,1,959.0680000000001,130.78,741.1,Cancelled,871.88,741.1
ORD0463,2025-10-02,Vishnu,Hyderabad,Telangana,OFFICE CHAIR,Furniture,4,9392.229,6830.71,27322.85,Shipped,34153.56,27322.85
ORD0464,2025-01-18,Ravi,Chennai,Tamil Nadu,COFFEE MAKER,Home Appliances,4,6547.904,1190.53,22620.03,Cancelled,23810.56,22620.030000000002
ORD0465,2025-08-18,Charan,Jaipur,Rajasthan,T-SHIRT,Fashion,5,914.815,0.0,4158.25,Delivered,4158.25,4158.25
ORD0466,2025-12-16,Nikhil,Chennai,Tamil Nadu,T-SHIRT,Fashion,2,974.8310000000001,0.0,1772.42,Delivered,1772.42,1772.42
ORD0467,2025-02-04,Ananya,Jaipur,Rajasthan,JEANS,Fashion,3,2142.679,292.18,5551.49,Shipped,5843.67,5551.49
ORD0468,2025-08-23,Aarav,Kochi,Kerala,GAMING MOUSE,Gaming,3,2311.6830000000004,1260.92,5043.67,Returned,6304.59,5043.67
ORD0469,2025-03-17,Sanjay,Kochi,Kerala,DESK,Furniture,4,7568.242000000001,0.0,27520.88,Cancelled,27520.88,27520.88
ORD0470,2025-05-27,Riya,Vijayawada,Andhra Pradesh,T-SHIRT,Fashion,1,1045.352,95.03,855.29,Delivered,950.32,855.2900000000001
ORD0471,2025-01-20,Charan,Delhi,Delhi,SMARTWATCH,Electronics,4,6181.8460000000005,2247.94,20231.5,Delivered,22479.44,20231.5
ORD0472,2025-01-20,Meena,Jaipur,Rajasthan,TABLET,Electronics,5,20566.898,14022.89,79463.01,Delivered,93485.9,79463.01
ORD0473,2025-06-05,Kavya,Kolkata,West Bengal,LAPTOP,Electronics,3,44750.310000000005,6102.31,115943.99,Delivered,122046.29999999999,115943.98999999999
ORD0474,2025-08-15,Kiran,Vijayawada,Andhra Pradesh,JEANS,Fashion,2,1900.9870000000003,0.0,3456.34,Delivered,3456.34,3456.34
ORD0475,2025-07-28,Rahul,Vijayawada,Andhra Pradesh,DESK,Furniture,2,7255.545,1319.19,11872.71,Cancelled,13191.9,11872.71
ORD0476,2025-06-09,Ravi,Hyderabad,Telangana,JEANS,Fashion,5,1844.9530000000002,1677.23,6708.92,Shipped,8386.15,6708.92
ORD0477,2025-04-13,Aditya,Kochi,Kerala,T-SHIRT,Fashion,5,925.397,0.0,4206.35,Delivered,4206.35,4206.35
ORD0478,2025-07-08,Pooja,Hyderabad,Telangana,MONITOR,Electronics,3,12405.646000000002,5075.04,28758.54,Cancelled,33833.58,28758.54
ORD0479,2025-11-01,Pooja,Vijayawada,Andhra Pradesh,BACKPACK,Accessories,1,1929.499,0.0,1754.09,Delivered,1754.09,1754.09
ORD0480,2025-05-13,Ananya,Kochi,Kerala,DESK,Furniture,3,7181.812000000001,979.34,18607.42,Delivered,19586.760000000002,18607.420000000002
ORD0481,2025-04-20,Divya,Hyderabad,Telangana,GAMING MOUSE,Gaming,2,2454.969,892.72,3570.86,Returned,4463.58,3570.8599999999997
ORD0482,2025-01-11,Vishnu,Chennai,Tamil Nadu,BACKPACK,Accessories,3,1944.1620000000003,795.34,4506.92,Delivered,5302.26,4506.92
ORD0483,2025-04-25,Harsha,Bengaluru,Karnataka,COFFEE MAKER,Home Appliances,2,7580.232000000001,1378.22,12404.02,Cancelled,13782.24,12404.02
ORD0484,2025-08-24,Harsha,Mumbai,Maharashtra,SHOES,Fashion,4,3767.5220000000004,1370.01,12330.07,Delivered,13700.08,12330.07
ORD0485,2025-01-04,Ravi,Kochi,Kerala,SMARTWATCH,Electronics,5,6152.234,2796.47,25168.23,Returned,27964.699999999997,25168.229999999996
ORD0486,2025-02-25,Rahul,Jaipur,Rajasthan,OFFICE CHAIR,Furniture,5,8973.151,2039.35,38747.7,Delivered,40787.05,38747.700000000004
ORD0487,2025-11-30,Kavya,Pune,Maharashtra,SMARTWATCH,Electronics,3,6238.903,850.76,16164.43,Delivered,17015.19,16164.429999999998
ORD0488,2025-11-04,Meena,Chennai,Tamil Nadu,OFFICE CHAIR,Furniture,1,10018.184000000001,1821.49,7285.95,Returned,9107.44,7285.950000000001
ORD0489,2025-06-01,Harsha,Bengaluru,Karnataka,BACKPACK,Accessories,1,1978.9550000000002,269.86,1529.19,Shipped,1799.05,1529.19
ORD0490,2025-04-08,Kiran,Hyderabad,Telangana,GAMING MOUSE,Gaming,5,2659.4590000000003,1813.27,10275.18,Returned,12088.45,10275.18
ORD0491,2025-06-03,Charan,Kochi,Kerala,BACKPACK,Accessories,4,1923.9660000000001,1049.44,5946.8,Returned,6996.24,5946.799999999999
ORD0492,2025-05-13,Riya,Mumbai,Maharashtra,TABLET,Electronics,1,18326.66,1666.06,14994.54,Delivered,16660.6,14994.539999999999
ORD0493,2025-06-07,Nikhil,Vijayawada,Andhra Pradesh,BACKPACK,Accessories,2,1870.4400000000003,170.04,3230.76,Delivered,3400.8,3230.76
ORD0494,2025-08-29,Aditya,Jaipur,Rajasthan,SMARTWATCH,Electronics,3,6474.974000000001,1765.9,15893.12,Returned,17659.02,15893.12
ORD0495,2025-09-14,Arjun,Jaipur,Rajasthan,DESK,Furniture,1,8299.720000000001,754.52,6790.68,Returned,7545.2,6790.68
ORD0496,2025-03-19,Bhavya,Mumbai,Maharashtra,OFFICE CHAIR,Furniture,4,10043.484000000002,0.0,36521.76,Delivered,36521.76,36521.76
ORD0497,2025-04-03,Ananya,Jaipur,Rajasthan,GAMING MOUSE,Gaming,4,2331.1310000000003,0.0,8476.84,Shipped,8476.84,8476.84
ORD0498,2025-08-20,Harsha,Bengaluru,Karnataka,BACKPACK,Accessories,3,1804.9680000000003,738.4,4184.24,Delivered,4922.64,4184.240000000001
ORD0499,2025-02-15,Bhavya,Bengaluru,Karnataka,DESK,Furniture,4,8105.900000000001,5895.2,23580.8,Cancelled,29476.0,23580.8
ORD0500,2025-07-16,Aarav,Delhi,Delhi,BACKPACK,Accessories,4,2164.272,787.01,7083.07,Delivered,7870.08,7083.07
ORD0501,2025-09-29,Deepak,Pune,Maharashtra,HEADPHONES,Electronics,1,2891.262,131.42,2497.0,Delivered,2628.42,2497.0
ORD0502,2025-06-09,Bhavya,Chennai,Tamil Nadu,BACKPACK,Accessories,2,2129.2810000000004,580.71,3290.71,Delivered,3871.42,3290.71
ORD0503,2025-01-24,Kavya,Jaipur,Rajasthan,OFFICE CHAIR,Furniture,3,8537.089,0.0,23282.97,Delivered,23282.97,23282.97
ORD0504,2025-12-18,Bhavya,Kochi,Kerala,SHOES,Fashion,5,3405.831,1548.11,13932.94,Delivered,15481.05,13932.939999999999
ORD0505,2025-04-27,Divya,Chennai,Tamil Nadu,GAMING KEYBOARD,Gaming,2,4854.3550000000005,1765.22,7060.88,Returned,8826.1,7060.88
ORD0506,2025-07-07,Varun,Hyderabad,Telangana,HEADPHONES,Electronics,5,2567.939,1167.24,10505.21,Delivered,11672.449999999999,10505.21
ORD0507,2025-01-25,Vishnu,Mumbai,Maharashtra,COFFEE MAKER,Home Appliances,5,6504.476000000001,2956.58,26609.22,Delivered,29565.8,26609.22
ORD0508,2025-10-08,Harsha,Vijayawada,Andhra Pradesh,LAPTOP,Electronics,4,48314.508,17568.91,158120.21,Shipped,175689.12,158120.21
ORD0509,2025-12-06,Ravi,Hyderabad,Telangana,HEADPHONES,Electronics,3,2838.913,774.25,6968.24,Delivered,7742.49,6968.24
ORD0510,2025-09-19,Sneha,Bengaluru,Karnataka,DESK,Furniture,4,8313.877,6046.46,24185.82,Delivered,30232.28,24185.82
ORD0511,2025-05-15,Ravi,Vijayawada,Andhra Pradesh,SMARTPHONE,Electronics,4,24727.571000000004,0.0,89918.44,Delivered,89918.44,89918.44
ORD0512,2025-09-12,Deepak,Delhi,Delhi,SHOES,Fashion,3,3195.742,0.0,8715.66,Returned,8715.66,8715.66
ORD0513,2025-02-26,Sanjay,Chennai,Tamil Nadu,GAMING KEYBOARD,Gaming,1,5119.917,0.0,4654.47,Returned,4654.47,4654.47
ORD0514,2025-02-21,Harsha,Vijayawada,Andhra Pradesh,TABLET,Electronics,5,20685.313000000002,0.0,94024.15,Returned,94024.15000000001,94024.15000000001
ORD0515,2025-03-31,Aditya,Mumbai,Maharashtra,MONITOR,Electronics,3,12012.209,3276.06,29484.51,Delivered,32760.57,29484.51
ORD0516,2025-01-24,Aarav,Pune,Maharashtra,T-SHIRT,Fashion,4,913.9460000000001,498.52,2824.92,Delivered,3323.44,2824.92
ORD0517,2025-02-17,Manoj,Pune,Maharashtra,GAMING KEYBOARD,Gaming,4,4720.628,1716.59,15449.33,Delivered,17165.92,15449.329999999998
ORD0518,2025-07-17,Rahul,Delhi,Delhi,SMARTPHONE,Electronics,4,23095.677000000003,8398.43,75585.85,Shipped,83984.28,75585.85
ORD0519,2025-08-02,Sanjay,Bengaluru,Karnataka,SMARTPHONE,Electronics,1,22551.474000000002,4100.27,16401.07,Shipped,20501.34,16401.07
ORD0520,2025-07-03,Sneha,Kolkata,West Bengal,BACKPACK,Accessories,2,1932.381,351.34,3162.08,Delivered,3513.42,3162.08
ORD0521,2025-02-02,Harsha,Kolkata,West Bengal,MONITOR,Electronics,1,13043.415,1185.77,10671.88,Returned,11857.65,10671.88
ORD0522,2025-12-09,Kiran,Kochi,Kerala,LAPTOP,Electronics,5,50143.62100000001,34188.83,193736.72,Cancelled,227925.55,193736.71999999997
ORD0523,2025-05-08,Rahul,Jaipur,Rajasthan,SHOES,Fashion,1,3633.8500000000004,330.35,2973.15,Delivered,3303.5,2973.15
ORD0524,2025-03-22,Ravi,Kochi,Kerala,TABLET,Electronics,5,17866.112,0.0,81209.6,Shipped,81209.6,81209.6
ORD0525,2025-05-04,Kiran,Bengaluru,Karnataka,JEANS,Fashion,1,1976.689,359.4,1437.59,Delivered,1796.99,1437.5900000000001
ORD0526,2025-05-01,Ananya,Chennai,Tamil Nadu,OFFICE CHAIR,Furniture,5,9123.048,6220.26,35248.14,Shipped,41468.4,35248.14
ORD0527,2025-08-17,Kiran,Jaipur,Rajasthan,T-SHIRT,Fashion,4,1060.6090000000002,0.0,3856.76,Delivered,3856.76,3856.76
ORD0528,2025-10-13,Riya,Hyderabad,Telangana,SHOES,Fashion,1,3458.2900000000004,314.39,2829.51,Delivered,3143.9,2829.51
ORD0529,2025-09-18,Riya,Jaipur,Rajasthan,T-SHIRT,Fashion,5,951.3130000000001,648.62,3675.53,Delivered,4324.150000000001,3675.5300000000007
ORD0530,2025-08-21,Kiran,Pune,Maharashtra,GAMING KEYBOARD,Gaming,1,4675.693,850.13,3400.5,Cancelled,4250.63,3400.5
ORD0531,2025-02-19,Vishnu,Kolkata,West Bengal,DESK,Furniture,3,7626.905000000001,3120.1,17680.55,Delivered,20800.65,17680.550000000003
ORD0532,2025-12-26,Arjun,Pune,Maharashtra,GAMING KEYBOARD,Gaming,3,4971.769,1355.94,12203.43,Delivered,13559.369999999999,12203.429999999998
ORD0533,2025-04-11,Deepak,Bengaluru,Karnataka,MONITOR,Electronics,4,12551.319000000001,0.0,45641.16,Delivered,45641.16,45641.16
ORD0534,2025-08-01,Aditya,Kolkata,West Bengal,HEADPHONES,Electronics,2,2660.867,725.69,4112.25,Returned,4837.94,4112.25
ORD0535,2025-09-16,Bhavya,Kolkata,West Bengal,SMARTPHONE,Electronics,4,24632.289000000004,13435.79,76136.17,Shipped,89571.96,76136.17000000001
ORD0536,2025-09-05,Ravi,Hyderabad,Telangana,OFFICE CHAIR,Furniture,5,9983.589,4537.99,40841.96,Delivered,45379.95,40841.96
ORD0537,2025-11-07,Kiran,Bengaluru,Karnataka,TABLET,Electronics,1,20423.788000000004,1856.71,16710.37,Cancelled,18567.08,16710.370000000003
ORD0538,2025-06-25,Kavya,Jaipur,Rajasthan,GAMING MOUSE,Gaming,2,2370.5660000000003,215.51,4094.61,Shipped,4310.12,4094.6099999999997
ORD0539,2025-09-20,Kavya,Delhi,Delhi,TABLET,Electronics,5,21330.287,14543.38,82412.47,Returned,96955.84999999999,82412.46999999999
ORD0540,2025-04-18,Sneha,Pune,Maharashtra,JEANS,Fashion,5,1868.064,1273.68,7217.52,Returned,8491.2,7217.52
ORD0541,2025-04-02,Ravi,Pune,Maharashtra,BACKPACK,Accessories,2,2039.4330000000002,556.21,3151.85,Cancelled,3708.06,3151.85
ORD0542,2025-10-20,Vishnu,Vijayawada,Andhra Pradesh,SHOES,Fashion,3,3506.184,956.23,8606.09,Returned,9562.32,8606.09
ORD0543,2025-01-07,Ravi,Kochi,Kerala,BACKPACK,Accessories,3,1949.266,1063.24,4252.94,Delivered,5316.18,4252.9400000000005
ORD0544,2025-05-17,Charan,Bengaluru,Karnataka,GAMING MOUSE,Gaming,1,2205.4010000000003,300.74,1704.17,Delivered,2004.91,1704.17
ORD0545,2025-01-17,Manoj,Hyderabad,Telangana,TABLET,Electronics,3,20804.234,0.0,56738.82,Shipped,56738.81999999999,56738.81999999999
ORD0546,2025-07-19,Divya,Kochi,Kerala,DESK,Furniture,2,7926.567000000001,2161.79,12250.15,Cancelled,14411.94,12250.150000000001
ORD0547,2025-12-17,Kiran,Hyderabad,Telangana,SHOES,Fashion,4,3461.26,1258.64,11327.76,Cancelled,12586.4,11327.76
ORD0548,2025-08-15,Divya,Mumbai,Maharashtra,LAPTOP,Electronics,2,53151.615000000005,9663.93,86975.37,Returned,96639.3,86975.37
ORD0549,2025-04-10,Kavya,Jaipur,Rajasthan,T-SHIRT,Fashion,5,1010.4710000000001,688.96,3904.09,Shipped,4593.05,3904.09
ORD0550,2025-03-03,Meena,Vijayawada,Andhra Pradesh,BACKPACK,Accessories,2,2073.0930000000003,0.0,3769.26,Delivered,3769.26,3769.26
ORD0551,2025-05-11,Aarav,Kochi,Kerala,SMARTWATCH,Electronics,3,5639.722000000001,0.0,15381.06,Delivered,15381.060000000001,15381.060000000001
ORD0552,2025-11-02,Aditya,Bengaluru,Karnataka,SHOES,Fashion,1,3821.7520000000004,0.0,3474.32,Returned,3474.32,3474.32
ORD0553,2025-07-03,Ananya,Mumbai,Maharashtra,JEANS,Fashion,4,2008.7760000000003,1460.93,5843.71,Returned,7304.64,5843.71
ORD0554,2025-09-16,Charan,Chennai,Tamil Nadu,OFFICE CHAIR,Furniture,2,8542.49,1553.18,13978.62,Shipped,15531.8,13978.619999999999
ORD0555,2025-04-20,Vishnu,Delhi,Delhi,OFFICE CHAIR,Furniture,1,8828.644,401.3,7624.74,Delivered,8026.04,7624.74
ORD0556,2025-09-01,Riya,Mumbai,Maharashtra,GAMING KEYBOARD,Gaming,2,5067.095,1842.58,7370.32,Returned,9212.9,7370.32
ORD0557,2025-11-11,Sneha,Pune,Maharashtra,SMARTPHONE,Electronics,4,26157.758,0.0,95119.12,Delivered,95119.12,95119.12
ORD0558,2025-07-17,Harsha,Pune,Maharashtra,BACKPACK,Accessories,4,2156.2200000000003,1568.16,6272.64,Cancelled,7840.8,6272.64
ORD0559,2025-08-17,Rahul,Kochi,Kerala,LAPTOP,Electronics,3,52497.885,14317.6,128858.45,Delivered,143176.05,128858.44999999998
ORD0560,2025-02-19,Charan,Chennai,Tamil Nadu,COFFEE MAKER,Home Appliances,3,6552.755000000001,1787.12,16084.03,Cancelled,17871.15,16084.030000000002
ORD0561,2025-04-20,Vishnu,Vijayawada,Andhra Pradesh,LAPTOP,Electronics,2,50782.193,13849.69,78481.57,Shipped,92331.26,78481.56999999999
ORD0562,2025-02-06,Vishnu,Kochi,Kerala,HEADPHONES,Electronics,4,2924.2180000000003,1595.03,9038.49,Delivered,10633.52,9038.49
ORD0563,2025-04-02,Harsha,Pune,Maharashtra,MONITOR,Electronics,1,12073.380000000001,0.0,10975.8,Cancelled,10975.8,10975.8
ORD0564,2025-11-19,Meena,Chennai,Tamil Nadu,DESK,Furniture,3,7527.575000000001,2052.97,18476.78,Shipped,20529.75,18476.78
ORD0565,2025-11-13,Ananya,Delhi,Delhi,LAPTOP,Electronics,1,44608.399,4055.31,36497.78,Returned,40553.09,36497.78
ORD0566,2025-12-18,Kavya,Vijayawada,Andhra Pradesh,LAPTOP,Electronics,3,45600.742000000006,12436.57,111929.09,Cancelled,124365.66,111929.09
ORD0567,2025-01-16,Rahul,Kolkata,West Bengal,SMARTWATCH,Electronics,4,6439.763000000001,2341.73,21075.59,Delivered,23417.32,21075.59
ORD0568,2025-10-07,Kavya,Bengaluru,Karnataka,HEADPHONES,Electronics,4,2913.614,2118.99,8475.97,Returned,10594.96,8475.97
ORD0569,2025-03-14,Arjun,Pune,Maharashtra,SMARTWATCH,Electronics,1,6503.464,591.22,5321.02,Delivered,5912.24,5321.0199999999995
ORD0570,2025-02-13,Kavya,Jaipur,Rajasthan,DESK,Furniture,4,7773.194,2826.62,25439.54,Delivered,28266.16,25439.54
ORD0571,2025-04-24,Sneha,Delhi,Delhi,HEADPHONES,Electronics,5,2563.5280000000002,0.0,11652.4,Delivered,11652.4,11652.4
ORD0572,2025-10-09,Pooja,Bengaluru,Karnataka,SMARTPHONE,Electronics,5,22043.241,20039.31,80157.24,Returned,100196.55,80157.24
ORD0573,2025-10-25,Rahul,Mumbai,Maharashtra,SMARTPHONE,Electronics,1,22255.299000000003,1011.6,19220.49,Delivered,20232.09,19220.49
ORD0574,2025-04-10,Kiran,Chennai,Tamil Nadu,TABLET,Electronics,1,20273.286,921.51,17508.75,Shipped,18430.26,17508.75
ORD0575,2025-10-17,Sanjay,Jaipur,Rajasthan,GAMING KEYBOARD,Gaming,3,5033.325000000001,2059.09,11668.16,Delivered,13727.25,11668.16
ORD0576,2025-04-24,Varun,Bengaluru,Karnataka,GAMING MOUSE,Gaming,1,2297.1520000000005,104.42,1983.9,Shipped,2088.32,1983.9
ORD0577,2025-09-03,Pooja,Pune,Maharashtra,JEANS,Fashion,2,2072.257,565.16,3202.58,Shipped,3767.74,3202.58
ORD0578,2025-11-27,Sneha,Mumbai,Maharashtra,T-SHIRT,Fashion,4,912.5490000000001,331.84,2986.52,Delivered,3318.36,2986.52
ORD0579,2025-11-17,Ananya,Bengaluru,Karnataka,JEANS,Fashion,5,1886.236,0.0,8573.8,Returned,8573.8,8573.8
ORD0580,2025-10-25,Sanjay,Hyderabad,Telangana,COFFEE MAKER,Home Appliances,5,6479.6050000000005,4417.91,25034.84,Shipped,29452.75,25034.84
ORD0581,2025-10-04,Rahul,Hyderabad,Telangana,HEADPHONES,Electronics,5,2773.9030000000002,630.43,11978.22,Returned,12608.65,11978.22
ORD0582,2025-05-29,Bhavya,Delhi,Delhi,GAMING KEYBOARD,Gaming,2,5038.704000000001,1832.26,7329.02,Shipped,9161.28,7329.02
ORD0583,2025-12-06,Divya,Vijayawada,Andhra Pradesh,OFFICE CHAIR,Furniture,4,9354.048,1700.74,32313.98,Cancelled,34014.72,32313.98
ORD0584,2025-10-17,Sanjay,Kochi,Kerala,T-SHIRT,Fashion,2,922.5260000000001,167.73,1509.59,Returned,1677.32,1509.59
ORD0585,2025-09-07,Divya,Kolkata,West Bengal,SHOES,Fashion,3,3322.0440000000003,0.0,9060.12,Delivered,9060.119999999999,9060.119999999999
ORD0586,2025-07-04,Meena,Chennai,Tamil Nadu,GAMING KEYBOARD,Gaming,1,4659.710000000001,635.42,3600.68,Shipped,4236.1,3600.6800000000003
ORD0587,2025-12-27,Ravi,Hyderabad,Telangana,COFFEE MAKER,Home Appliances,1,6898.419000000001,940.69,5330.6,Returned,6271.29,5330.6
ORD0588,2025-07-12,Varun,Mumbai,Maharashtra,JEANS,Fashion,5,2007.786,912.63,8213.67,Shipped,9126.3,8213.67
ORD0589,2025-04-25,Ravi,Vijayawada,Andhra Pradesh,DESK,Furniture,5,7509.546,1706.71,32427.59,Shipped,34134.299999999996,32427.589999999997
ORD0590,2025-11-06,Aarav,Pune,Maharashtra,JEANS,Fashion,4,1972.9160000000002,1434.85,5739.39,Cancelled,7174.24,5739.389999999999
ORD0591,2025-05-24,Deepak,Bengaluru,Karnataka,MONITOR,Electronics,2,13238.390000000001,0.0,24069.8,Delivered,24069.8,24069.8
ORD0592,2025-12-05,Divya,Pune,Maharashtra,TABLET,Electronics,5,21055.144000000004,14355.78,81349.42,Shipped,95705.20000000001,81349.42000000001
ORD0593,2025-04-18,Sanjay,Vijayawada,Andhra Pradesh,SHOES,Fashion,4,3505.0840000000003,1911.86,10833.9,Delivered,12745.76,10833.9
ORD0594,2025-03-24,Bhavya,Chennai,Tamil Nadu,LAPTOP,Electronics,1,50227.518000000004,0.0,45661.38,Returned,45661.38,45661.38
ORD0595,2025-04-03,Ravi,Jaipur,Rajasthan,LAPTOP,Electronics,2,46196.777,0.0,83994.14,Shipped,83994.14,83994.14
ORD0596,2025-11-07,Rahul,Hyderabad,Telangana,DESK,Furniture,3,7263.553,0.0,19809.69,Shipped,19809.69,19809.69
ORD0597,2025-04-04,Sneha,Delhi,Delhi,HEADPHONES,Electronics,5,2912.041,0.0,13236.55,Returned,13236.55,13236.55
ORD0598,2025-02-05,Divya,Bengaluru,Karnataka,SMARTWATCH,Electronics,3,6166.809,1681.86,15136.71,Shipped,16818.57,15136.71
ORD0599,2025-09-16,Vishnu,Vijayawada,Andhra Pradesh,TABLET,Electronics,1,19889.936,0.0,18081.76,Shipped,18081.76,18081.76
ORD0600,2025-11-04,Aditya,Vijayawada,Andhra Pradesh,DESK,Furniture,2,8318.475,1512.45,13612.05,Cancelled,15124.5,13612.05
ORD0601,2025-11-05,Riya,Vijayawada,Andhra Pradesh,T-SHIRT,Fashion,1,1021.5590000000002,92.87,835.82,Delivered,928.69,835.82
ORD0602,2025-09-29,Nikhil,Delhi,Delhi,OFFICE CHAIR,Furniture,3,8496.235,4634.31,18537.24,Delivered,23171.550000000003,18537.24
ORD0603,2025-12-23,Sanjay,Delhi,Delhi,T-SHIRT,Fashion,3,1050.313,286.45,2578.04,Delivered,2864.4900000000002,2578.0400000000004
ORD0604,2025-02-12,Kavya,Mumbai,Maharashtra,TABLET,Electronics,4,18740.755,13629.64,54518.56,Cancelled,68148.2,54518.56
ORD0605,2025-01-04,Sanjay,Mumbai,Maharashtra,GAMING MOUSE,Gaming,2,2521.2330000000006,0.0,4584.06,Cancelled,4584.06,4584.06
ORD0606,2025-06-11,Nikhil,Hyderabad,Telangana,OFFICE CHAIR,Furniture,4,8799.131000000001,4799.53,27197.31,Delivered,31996.84,27197.31
ORD0607,2025-10-02,Nikhil,Delhi,Delhi,TABLET,Electronics,5,18854.759000000002,4285.17,81418.28,Cancelled,85703.45,81418.28
ORD0608,2025-10-10,Riya,Mumbai,Maharashtra,DESK,Furniture,4,7243.687000000001,5268.14,21072.54,Shipped,26340.68,21072.54
ORD0609,2025-06-07,Sanjay,Kochi,Kerala,GAMING KEYBOARD,Gaming,5,4706.24,2139.2,19252.8,Delivered,21392.0,19252.8
ORD0610,2025-12-25,Charan,Bengaluru,Karnataka,SHOES,Fashion,1,3329.7550000000006,454.06,2572.99,Delivered,3027.05,2572.9900000000002
ORD0611,2025-12-23,Vishnu,Delhi,Delhi,OFFICE CHAIR,Furniture,3,9444.578,5151.59,20606.35,Returned,25757.94,20606.35
ORD0612,2025-03-16,Rahul,Delhi,Delhi,TABLET,Electronics,1,18180.712,3305.58,13222.34,Cancelled,16527.92,13222.339999999998
ORD0613,2025-11-08,Aditya,Vijayawada,Andhra Pradesh,SMARTPHONE,Electronics,3,23574.837,0.0,64295.01,Returned,64295.009999999995,64295.009999999995
ORD0614,2025-12-31,Sneha,Delhi,Delhi,COFFEE MAKER,Home Appliances,5,7180.041000000001,4895.48,27741.07,Delivered,32636.550000000003,27741.070000000003
ORD0615,2025-12-03,Ravi,Kolkata,West Bengal,BACKPACK,Accessories,4,1861.871,0.0,6770.44,Delivered,6770.44,6770.44
ORD0616,2025-11-11,Charan,Jaipur,Rajasthan,LAPTOP,Electronics,5,51464.655000000006,23393.03,210537.22,Returned,233930.25,210537.22
ORD0617,2025-05-22,Meena,Chennai,Tamil Nadu,GAMING KEYBOARD,Gaming,1,4540.976000000001,0.0,4128.16,Delivered,4128.16,4128.16
ORD0618,2025-12-27,Ananya,Jaipur,Rajasthan,GAMING MOUSE,Gaming,2,2185.436,397.35,3576.17,Delivered,3973.52,3576.17
ORD0619,2025-05-22,Divya,Kochi,Kerala,SMARTWATCH,Electronics,5,5865.442000000001,1333.06,25328.04,Cancelled,26661.100000000002,25328.04
ORD0620,2025-07-28,Ravi,Delhi,Delhi,MONITOR,Electronics,5,12569.326000000001,0.0,57133.3,Delivered,57133.3,57133.3
ORD0621,2025-09-20,Harsha,Kochi,Kerala,SMARTPHONE,Electronics,3,26363.557,3595.03,68305.58,Cancelled,71900.61,68305.58
ORD0622,2025-05-05,Kiran,Kolkata,West Bengal,SMARTWATCH,Electronics,4,6030.189,2192.8,19735.16,Shipped,21927.96,19735.16
ORD0623,2025-02-04,Meena,Jaipur,Rajasthan,COFFEE MAKER,Home Appliances,1,6601.265,600.12,5401.03,Returned,6001.15,5401.03
ORD0624,2025-09-22,Riya,Chennai,Tamil Nadu,BACKPACK,Accessories,3,2160.356,589.19,5302.69,Delivered,5891.88,5302.6900000000005
ORD0625,2025-06-25,Ananya,Mumbai,Maharashtra,HEADPHONES,Electronics,1,2845.5350000000003,258.69,2328.16,Cancelled,2586.85,2328.16
ORD0626,2025-05-18,Charan,Pune,Maharashtra,MONITOR,Electronics,3,14240.996000000001,0.0,38839.08,Returned,38839.08,38839.08
ORD0627,2025-05-16,Deepak,Chennai,Tamil Nadu,MONITOR,Electronics,2,12519.034000000001,3414.28,19347.6,Delivered,22761.88,19347.600000000002
ORD0628,2025-02-24,Arjun,Chennai,Tamil Nadu,JEANS,Fashion,5,1843.7760000000003,419.04,7961.76,Delivered,8380.800000000001,7961.760000000001
ORD0629,2025-07-10,Sneha,Hyderabad,Telangana,DESK,Furniture,5,8235.931,0.0,37436.05,Delivered,37436.05,37436.05
ORD0630,2025-09-19,Harsha,Jaipur,Rajasthan,COFFEE MAKER,Home Appliances,3,6696.503,1826.32,16436.87,Shipped,18263.19,16436.87
ORD0631,2025-08-05,Rahul,Jaipur,Rajasthan,T-SHIRT,Fashion,2,995.0930000000001,0.0,1809.26,Cancelled,1809.26,1809.26
ORD0632,2025-03-31,Pooja,Pune,Maharashtra,OFFICE CHAIR,Furniture,4,9698.458000000002,7053.42,28213.7,Delivered,35267.12,28213.700000000004
ORD0633,2025-07-14,Sanjay,Pune,Maharashtra,MONITOR,Electronics,1,13659.635000000002,0.0,12417.85,Delivered,12417.85,12417.85
ORD0634,2025-05-02,Harsha,Jaipur,Rajasthan,GAMING KEYBOARD,Gaming,3,4998.081,0.0,13631.13,Shipped,13631.130000000001,13631.130000000001
ORD0635,2025-08-03,Manoj,Pune,Maharashtra,GAMING KEYBOARD,Gaming,2,4874.705000000001,886.31,7976.79,Delivered,8863.1,7976.790000000001
ORD0636,2025-10-22,Vishnu,Kolkata,West Bengal,SMARTWATCH,Electronics,2,5603.675,1018.85,9169.65,Delivered,10188.5,9169.65
ORD0637,2025-07-15,Deepak,Mumbai,Maharashtra,SHOES,Fashion,2,3472.282,631.32,5681.92,Delivered,6313.24,5681.92
ORD0638,2025-11-19,Ravi,Hyderabad,Telangana,MONITOR,Electronics,2,13198.933,2399.81,21598.25,Cancelled,23998.06,21598.25
ORD0639,2025-10-18,Aditya,Kolkata,West Bengal,T-SHIRT,Fashion,3,1002.298,136.68,2596.86,Shipped,2733.54,2596.86
ORD0640,2025-09-01,Varun,Bengaluru,Karnataka,SHOES,Fashion,1,3740.9240000000004,0.0,3400.84,Delivered,3400.84,3400.84
ORD0641,2025-10-13,Harsha,Pune,Maharashtra,SHOES,Fashion,3,3421.6600000000003,466.59,8865.21,Delivered,9331.8,8865.21
ORD0642,2025-11-07,Deepak,Vijayawada,Andhra Pradesh,GAMING MOUSE,Gaming,3,2506.922,1367.41,5469.65,Cancelled,6837.0599999999995,5469.65
ORD0643,2025-06-16,Vishnu,Kochi,Kerala,BACKPACK,Accessories,2,1894.7060000000001,688.98,2755.94,Cancelled,3444.92,2755.94
ORD0644,2025-08-26,Varun,Kolkata,West Bengal,T-SHIRT,Fashion,1,1012.5060000000001,92.05,828.41,Delivered,920.46,828.4100000000001
ORD0645,2025-07-27,Ananya,Pune,Maharashtra,BACKPACK,Accessories,4,2024.4730000000002,1104.26,6257.46,Delivered,7361.72,6257.46
ORD0646,2025-12-30,Harsha,Chennai,Tamil Nadu,GAMING KEYBOARD,Gaming,3,5101.481000000001,695.66,13217.47,Cancelled,13913.130000000001,13217.470000000001
ORD0647,2025-08-19,Nikhil,Kolkata,West Bengal,SMARTWATCH,Electronics,3,6155.171,2518.02,14268.81,Delivered,16786.829999999998,14268.809999999998
ORD0648,2025-05-09,Ananya,Hyderabad,Telangana,JEANS,Fashion,2,1874.9170000000001,511.34,2897.6,Delivered,3408.94,2897.6
ORD0649,2025-08-31,Riya,Vijayawada,Andhra Pradesh,GAMING MOUSE,Gaming,1,2631.409,0.0,2392.19,Delivered,2392.19,2392.19
ORD0650,2025-02-23,Harsha,Delhi,Delhi,T-SHIRT,Fashion,5,1088.208,989.28,3957.12,Cancelled,4946.4,3957.12
ORD0651,2025-05-26,Pooja,Delhi,Delhi,SMARTPHONE,Electronics,3,22977.394000000004,0.0,62665.62,Returned,62665.62,62665.62
ORD0652,2025-07-02,Kiran,Kochi,Kerala,TABLET,Electronics,2,17959.216,0.0,32653.12,Shipped,32653.12,32653.12
ORD0653,2025-12-24,Riya,Kochi,Kerala,JEANS,Fashion,3,1958.1540000000002,534.04,4806.38,Delivered,5340.42,4806.38
ORD0654,2025-11-24,Riya,Kolkata,West Bengal,DESK,Furniture,5,7736.124000000001,3516.42,31647.78,Delivered,35164.2,31647.78
ORD0655,2025-06-07,Manoj,Kochi,Kerala,MONITOR,Electronics,2,12116.423,4405.97,17623.89,Shipped,22029.86,17623.89
ORD0656,2025-03-11,Manoj,Mumbai,Maharashtra,TABLET,Electronics,1,19892.334,0.0,18083.94,Delivered,18083.94,18083.94
ORD0657,2025-01-05,Nikhil,Hyderabad,Telangana,OFFICE CHAIR,Furniture,4,9307.111,6768.81,27075.23,Delivered,33844.04,27075.23
ORD0658,2025-10-15,Nikhil,Hyderabad,Telangana,HEADPHONES,Electronics,5,2578.719,586.07,11135.38,Shipped,11721.45,11135.380000000001
ORD0659,2025-08-05,Varun,Delhi,Delhi,TABLET,Electronics,4,18861.403000000002,0.0,68586.92,Delivered,68586.92,68586.92
ORD0660,2025-09-30,Harsha,Jaipur,Rajasthan,T-SHIRT,Fashion,3,1019.3920000000002,139.01,2641.15,Shipped,2780.16,2641.1499999999996
ORD0661,2025-11-23,Pooja,Vijayawada,Andhra Pradesh,JEANS,Fashion,2,1896.6750000000002,0.0,3448.5,Cancelled,3448.5,3448.5
ORD0662,2025-03-19,Aditya,Jaipur,Rajasthan,SMARTWATCH,Electronics,4,5832.981000000001,0.0,21210.84,Cancelled,21210.84,21210.84
ORD0663,2025-08-13,Aarav,Vijayawada,Andhra Pradesh,TABLET,Electronics,3,18315.154000000002,2497.52,47452.9,Delivered,49950.42,47452.9
ORD0664,2025-06-09,Rahul,Hyderabad,Telangana,TABLET,Electronics,4,19173.979,0.0,69723.56,Delivered,69723.56,69723.56
ORD0665,2025-03-16,Aditya,Hyderabad,Telangana,SHOES,Fashion,3,3761.857,0.0,10259.61,Delivered,10259.61,10259.61
ORD0666,2025-05-09,Meena,Kochi,Kerala,SMARTPHONE,Electronics,4,22710.215000000004,0.0,82582.6,Delivered,82582.6,82582.6
ORD0667,2025-05-07,Aditya,Chennai,Tamil Nadu,T-SHIRT,Fashion,4,1084.039,788.39,3153.57,Delivered,3941.96,3153.57
ORD0668,2025-08-31,Meena,Vijayawada,Andhra Pradesh,SHOES,Fashion,5,3859.4050000000007,2631.41,14911.34,Returned,17542.75,14911.34
ORD0669,2025-10-09,Ravi,Pune,Maharashtra,COFFEE MAKER,Home Appliances,2,7476.381,2039.01,11554.41,Delivered,13593.42,11554.41
ORD0670,2025-12-08,Deepak,Mumbai,Maharashtra,MONITOR,Electronics,2,14223.055,1293.01,24567.09,Delivered,25860.1,24567.09
ORD0671,2025-05-22,Sanjay,Delhi,Delhi,BACKPACK,Accessories,3,1848.275,0.0,5040.75,Delivered,5040.75,5040.75
ORD0672,2025-12-20,Rahul,Chennai,Tamil Nadu,T-SHIRT,Fashion,1,1006.0490000000001,0.0,914.59,Returned,914.59,914.59
ORD0673,2025-02-16,Vishnu,Pune,Maharashtra,TABLET,Electronics,1,18444.481,0.0,16767.71,Cancelled,16767.71,16767.71
ORD0674,2025-12-26,Riya,Hyderabad,Telangana,COFFEE MAKER,Home Appliances,1,7356.745000000001,334.4,6353.55,Delivered,6687.95,6353.55
ORD0675,2025-06-27,Pooja,Chennai,Tamil Nadu,MONITOR,Electronics,3,13961.805,3807.76,34269.89,Returned,38077.649999999994,34269.88999999999
ORD0676,2025-01-21,Rahul,Delhi,Delhi,LAPTOP,Electronics,3,45883.849,18770.67,106367.1,Returned,125137.76999999999,106367.09999999999
ORD0677,2025-10-18,Charan,Mumbai,Maharashtra,OFFICE CHAIR,Furniture,5,9331.476,6362.37,36053.43,Cancelled,42415.8,36053.43
ORD0678,2025-10-11,Charan,Kolkata,West Bengal,GAMING KEYBOARD,Gaming,3,5278.031000000001,2878.93,11515.7,Delivered,14394.630000000001,11515.7
ORD0679,2025-07-07,Pooja,Kolkata,West Bengal,TABLET,Electronics,3,18862.866,10288.84,41155.34,Delivered,51444.18000000001,41155.34000000001
ORD0680,2025-11-14,Divya,Bengaluru,Karnataka,GAMING MOUSE,Gaming,1,2592.7000000000003,235.7,2121.3,Delivered,2357.0,2121.3
ORD0681,2025-09-12,Riya,Kochi,Kerala,BACKPACK,Accessories,4,1989.5370000000003,0.0,7234.68,Delivered,7234.68,7234.68
ORD0682,2025-02-19,Ravi,Pune,Maharashtra,SMARTWATCH,Electronics,4,5834.653,3182.54,18034.38,Returned,21216.92,18034.379999999997
ORD0683,2025-02-24,Rahul,Bengaluru,Karnataka,LAPTOP,Electronics,2,44859.606,16312.58,65250.34,Delivered,81562.92,65250.34
ORD0684,2025-11-16,Sanjay,Jaipur,Rajasthan,LAPTOP,Electronics,4,49400.109000000004,26945.51,152691.25,Delivered,179636.76,152691.25
ORD0685,2025-04-17,Varun,Chennai,Tamil Nadu,GAMING KEYBOARD,Gaming,5,4525.169000000001,3085.34,17483.61,Shipped,20568.95,17483.61
ORD0686,2025-08-01,Manoj,Hyderabad,Telangana,MONITOR,Electronics,3,13842.785000000002,3775.3,33977.75,Returned,37753.05,33977.75
ORD0687,2025-02-06,Kavya,Jaipur,Rajasthan,JEANS,Fashion,3,1798.1040000000003,490.39,4413.53,Delivered,4903.92,4413.53
ORD0688,2025-07-17,Deepak,Vijayawada,Andhra Pradesh,OFFICE CHAIR,Furniture,1,8847.003,1206.41,6836.32,Delivered,8042.73,6836.32
ORD0689,2025-10-13,Riya,Chennai,Tamil Nadu,BACKPACK,Accessories,5,2157.21,1470.83,8334.67,Shipped,9805.5,8334.67
ORD0690,2025-12-07,Nikhil,Jaipur,Rajasthan,T-SHIRT,Fashion,3,981.8270000000001,401.66,2276.05,Delivered,2677.71,2276.05
ORD0691,2025-12-03,Charan,Bengaluru,Karnataka,T-SHIRT,Fashion,5,990.9240000000001,450.42,4053.78,Cancelled,4504.2,4053.7799999999997
ORD0692,2025-06-16,Manoj,Pune,Maharashtra,MONITOR,Electronics,3,14497.461000000001,3953.85,35584.68,Shipped,39538.53,35584.68
ORD0693,2025-04-20,Meena,Pune,Maharashtra,JEANS,Fashion,5,2005.0030000000002,0.0,9113.65,Cancelled,9113.65,9113.65
ORD0694,2025-01-18,Kavya,Kolkata,West Bengal,GAMING KEYBOARD,Gaming,4,4455.198,1620.07,14580.65,Cancelled,16200.72,14580.65
ORD0695,2025-04-24,Deepak,Bengaluru,Karnataka,OFFICE CHAIR,Furniture,3,8976.627,0.0,24481.71,Delivered,24481.71,24481.71
ORD0696,2025-10-20,Bhavya,Mumbai,Maharashtra,T-SHIRT,Fashion,5,1001.1540000000001,455.07,4095.63,Delivered,4550.7,4095.6299999999997
ORD0697,2025-10-26,Divya,Pune,Maharashtra,MONITOR,Electronics,2,12579.567000000001,0.0,22871.94,Delivered,22871.94,22871.94
ORD0698,2025-04-22,Ananya,Mumbai,Maharashtra,T-SHIRT,Fashion,1,970.1560000000001,88.2,793.76,Returned,881.96,793.76
ORD0699,2025-12-20,Sanjay,Kolkata,West Bengal,T-SHIRT,Fashion,2,1054.4930000000002,191.73,1725.53,Delivered,1917.26,1725.53
ORD0700,2025-07-15,Ananya,Mumbai,Maharashtra,BACKPACK,Accessories,1,2102.1000000000004,286.65,1624.35,Delivered,1911.0,1624.35
ORD0701,2025-04-27,Varun,Delhi,Delhi,GAMING KEYBOARD,Gaming,4,4574.339,3326.79,13307.17,Cancelled,16633.96,13307.169999999998
ORD0702,2025-06-13,Riya,Delhi,Delhi,BACKPACK,Accessories,1,1989.6580000000001,90.44,1718.34,Cancelled,1808.78,1718.34
ORD0703,2025-07-21,Pooja,Kochi,Kerala,GAMING KEYBOARD,Gaming,2,4505.017,0.0,8190.94,Cancelled,8190.94,8190.94
ORD0704,2025-07-21,Bhavya,Vijayawada,Andhra Pradesh,OFFICE CHAIR,Furniture,2,8956.893,1628.53,14656.73,Delivered,16285.26,14656.73
ORD0705,2025-07-24,Harsha,Kolkata,West Bengal,SMARTPHONE,Electronics,5,22018.667,15012.73,85072.12,Delivered,100084.85,85072.12000000001
ORD0706,2025-10-14,Deepak,Delhi,Delhi,OFFICE CHAIR,Furniture,2,8667.208,3151.71,12606.85,Shipped,15758.56,12606.849999999999
ORD0707,2025-09-26,Divya,Jaipur,Rajasthan,BACKPACK,Accessories,2,2025.9360000000001,368.35,3315.17,Delivered,3683.52,3315.17
ORD0708,2025-02-15,Arjun,Delhi,Delhi,SMARTWATCH,Electronics,3,6563.205000000001,2684.95,15214.7,Returned,17899.65,15214.7
ORD0709,2025-11-01,Varun,Pune,Maharashtra,GAMING MOUSE,Gaming,3,2333.232,0.0,6363.36,Delivered,6363.36,6363.36
ORD0710,2025-08-15,Sneha,Pune,Maharashtra,TABLET,Electronics,5,21741.027000000002,19764.57,79058.28,Delivered,98822.85,79058.28
ORD0711,2025-02-13,Arjun,Chennai,Tamil Nadu,LAPTOP,Electronics,2,48250.829000000005,13159.32,74569.46,Returned,87728.78,74569.45999999999
ORD0712,2025-05-28,Aarav,Jaipur,Rajasthan,HEADPHONES,Electronics,2,2932.842,1066.49,4265.95,Delivered,5332.44,4265.95
ORD0713,2025-10-03,Deepak,Kolkata,West Bengal,SMARTWATCH,Electronics,4,5846.566000000001,0.0,21260.24,Delivered,21260.24,21260.24
ORD0714,2025-03-14,Vishnu,Mumbai,Maharashtra,OFFICE CHAIR,Furniture,5,9580.087000000001,4354.59,39191.26,Delivered,43545.85,39191.259999999995
ORD0715,2025-05-26,Deepak,Kochi,Kerala,DESK,Furniture,1,7192.295,326.92,6211.53,Returned,6538.45,6211.53
ORD0716,2025-02-04,Meena,Hyderabad,Telangana,SMARTWATCH,Electronics,4,6588.659,3593.81,20364.95,Returned,23958.76,20364.949999999997
ORD0717,2025-11-29,Meena,Pune,Maharashtra,BACKPACK,Accessories,1,1897.8300000000002,0.0,1725.3,Delivered,1725.3,1725.3
ORD0718,2025-09-30,Ananya,Vijayawada,Andhra Pradesh,OFFICE CHAIR,Furniture,3,10035.861,2737.05,24633.48,Delivered,27370.53,24633.48
ORD0719,2025-05-07,Ravi,Kolkata,West Bengal,OFFICE CHAIR,Furniture,5,8455.183,5764.9,32667.75,Delivered,38432.65,32667.75
ORD0720,2025-06-30,Manoj,Delhi,Delhi,MONITOR,Electronics,2,12795.497000000001,0.0,23264.54,Returned,23264.54,23264.54
ORD0721,2025-05-12,Meena,Kochi,Kerala,HEADPHONES,Electronics,3,2509.1000000000004,1368.6,5474.4,Delivered,6843.0,5474.4
ORD0722,2025-12-03,Bhavya,Chennai,Tamil Nadu,SMARTWATCH,Electronics,2,6530.579000000001,593.69,11280.09,Delivered,11873.78,11280.09
ORD0723,2025-03-20,Nikhil,Jaipur,Rajasthan,OFFICE CHAIR,Furniture,2,8864.471,1611.72,14505.5,Delivered,16117.22,14505.5
ORD0724,2025-03-12,Sanjay,Kolkata,West Bengal,GAMING KEYBOARD,Gaming,5,4659.688,0.0,21180.4,Cancelled,21180.4,21180.4
ORD0725,2025-09-26,Bhavya,Bengaluru,Karnataka,JEANS,Fashion,3,2061.235,843.23,4778.32,Shipped,5621.549999999999,4778.32
ORD0726,2025-09-30,Arjun,Jaipur,Rajasthan,BACKPACK,Accessories,2,1808.8510000000003,164.44,3124.38,Delivered,3288.82,3124.38
ORD0727,2025-07-31,Nikhil,Bengaluru,Karnataka,JEANS,Fashion,1,1908.2030000000002,346.95,1387.78,Delivered,1734.73,1387.78
ORD0728,2025-03-09,Charan,Mumbai,Maharashtra,SHOES,Fashion,2,3300.3080000000004,1200.11,4800.45,Delivered,6000.56,4800.450000000001
ORD0729,2025-11-02,Divya,Mumbai,Maharashtra,DESK,Furniture,5,7873.041000000001,3578.66,32207.89,Delivered,35786.55,32207.890000000003
ORD0730,2025-11-06,Rahul,Vijayawada,Andhra Pradesh,GAMING KEYBOARD,Gaming,4,4952.299000000001,0.0,18008.36,Returned,18008.36,18008.36
ORD0731,2025-04-09,Divya,Delhi,Delhi,TABLET,Electronics,4,18364.555,6678.02,60102.18,Delivered,66780.2,60102.17999999999
ORD0732,2025-12-10,Deepak,Hyderabad,Telangana,T-SHIRT,Fashion,3,935.066,255.02,2295.16,Delivered,2550.18,2295.16
ORD0733,2025-08-23,Divya,Kolkata,West Bengal,TABLET,Electronics,5,20543.941000000003,9338.16,84043.39,Shipped,93381.55,84043.39
ORD0734,2025-06-10,Meena,Hyderabad,Telangana,T-SHIRT,Fashion,5,1054.218,718.78,4073.12,Cancelled,4791.9,4073.12
ORD0735,2025-01-20,Ravi,Kochi,Kerala,DESK,Furniture,5,8278.710000000001,5644.57,31985.93,Delivered,37630.5,31985.93
ORD0736,2025-01-21,Riya,Hyderabad,Telangana,MONITOR,Electronics,2,13299.979000000001,2418.18,21763.6,Shipped,24181.78,21763.6
ORD0737,2025-06-05,Kavya,Hyderabad,Telangana,T-SHIRT,Fashion,2,978.032,88.91,1689.33,Shipped,1778.24,1689.33
ORD0738,2025-03-14,Pooja,Mumbai,Maharashtra,GAMING MOUSE,Gaming,5,2511.938,0.0,11417.9,Returned,11417.9,11417.9
ORD0739,2025-12-23,Riya,Kochi,Kerala,SMARTPHONE,Electronics,1,25549.062,0.0,23226.42,Delivered,23226.42,23226.42
ORD0740,2025-10-30,Deepak,Pune,Maharashtra,GAMING MOUSE,Gaming,4,2264.581,0.0,8234.84,Shipped,8234.84,8234.84
ORD0741,2025-02-16,Arjun,Pune,Maharashtra,SMARTWATCH,Electronics,2,6332.249000000001,1726.98,9786.2,Returned,11513.18,9786.2
ORD0742,2025-09-19,Sneha,Pune,Maharashtra,BACKPACK,Accessories,1,2062.082,187.46,1687.16,Delivered,1874.62,1687.1599999999999
ORD0743,2025-06-21,Sanjay,Delhi,Delhi,OFFICE CHAIR,Furniture,1,8734.550000000001,1588.1,6352.4,Returned,7940.5,6352.4
ORD0744,2025-08-03,Kavya,Bengaluru,Karnataka,TABLET,Electronics,2,20639.707000000002,7505.35,30021.39,Delivered,37526.74,30021.39
ORD0745,2025-01-02,Sneha,Bengaluru,Karnataka,SMARTWATCH,Electronics,1,6607.128,0.0,6006.48,Delivered,6006.48,6006.48
ORD0746,2025-11-08,Rahul,Kolkata,West Bengal,MONITOR,Electronics,4,14011.679,5095.16,45856.4,Delivered,50951.56,45856.399999999994
ORD0747,2025-11-04,Sneha,Kolkata,West Bengal,DESK,Furniture,4,7610.493,2767.45,24907.07,Delivered,27674.52,24907.07
ORD0748,2025-04-17,Aditya,Kochi,Kerala,COFFEE MAKER,Home Appliances,3,7333.953,2000.17,18001.52,Delivered,20001.69,18001.519999999997
ORD0749,2025-12-08,Sanjay,Pune,Maharashtra,LAPTOP,Electronics,1,53002.906,0.0,48184.46,Cancelled,48184.46,48184.46
ORD0750,2025-04-02,Charan,Vijayawada,Andhra Pradesh,GAMING KEYBOARD,Gaming,1,4867.786000000001,0.0,4425.26,Returned,4425.26,4425.26
ORD0751,2025-08-22,Sanjay,Jaipur,Rajasthan,DESK,Furniture,5,7795.755000000001,7087.05,28348.2,Delivered,35435.25,28348.2
ORD0752,2025-02-04,Nikhil,Mumbai,Maharashtra,SMARTPHONE,Electronics,3,26124.043,3562.37,67685.02,Cancelled,71247.39,67685.02
ORD0753,2025-05-21,Kiran,Kolkata,West Bengal,SMARTWATCH,Electronics,2,6285.488,0.0,11428.16,Cancelled,11428.16,11428.16
ORD0754,2025-10-20,Varun,Chennai,Tamil Nadu,OFFICE CHAIR,Furniture,2,8523.801000000001,1549.78,13948.04,Cancelled,15497.82,13948.039999999999
ORD0755,2025-06-12,Harsha,Jaipur,Rajasthan,MONITOR,Electronics,3,13487.353000000001,3678.37,33105.32,Cancelled,36783.69,33105.32
ORD0756,2025-09-24,Varun,Pune,Maharashtra,DESK,Furniture,2,7796.459,1417.54,12757.84,Shipped,14175.38,12757.84
ORD0757,2025-04-10,Aarav,Bengaluru,Karnataka,T-SHIRT,Fashion,5,1031.305,0.0,4687.75,Delivered,4687.75,4687.75
ORD0758,2025-08-01,Nikhil,Vijayawada,Andhra Pradesh,MONITOR,Electronics,2,13504.414,4910.7,19642.78,Delivered,24553.48,19642.78
ORD0759,2025-12-20,Kavya,Kochi,Kerala,GAMING KEYBOARD,Gaming,2,5089.216000000001,0.0,9253.12,Delivered,9253.12,9253.12
ORD0760,2025-01-04,Arjun,Mumbai,Maharashtra,SMARTWATCH,Electronics,5,5836.952,2653.16,23878.44,Returned,26531.6,23878.44
ORD0761,2025-03-31,Deepak,Delhi,Delhi,GAMING KEYBOARD,Gaming,5,5405.510000000001,2457.05,22113.45,Delivered,24570.5,22113.45
ORD0762,2025-03-11,Rahul,Kolkata,West Bengal,COFFEE MAKER,Home Appliances,4,6485.853,4716.98,18867.94,Delivered,23584.92,18867.94
ORD0763,2025-07-31,Aditya,Kochi,Kerala,COFFEE MAKER,Home Appliances,3,7556.109,2060.76,18546.81,Cancelled,20607.57,18546.809999999998
ORD0764,2025-10-23,Vishnu,Pune,Maharashtra,DESK,Furniture,5,6958.831000000001,3163.11,28467.94,Delivered,31631.05,28467.94
ORD0765,2025-07-12,Varun,Bengaluru,Karnataka,SMARTPHONE,Electronics,3,21930.876,11962.3,47849.18,Cancelled,59811.479999999996,47849.17999999999
ORD0766,2025-06-07,Kiran,Jaipur,Rajasthan,DESK,Furniture,4,7846.597000000001,0.0,28533.08,Returned,28533.08,28533.08
ORD0767,2025-07-10,Pooja,Delhi,Delhi,SMARTWATCH,Electronics,1,6506.225,591.48,5323.27,Delivered,5914.75,5323.27
ORD0768,2025-01-20,Deepak,Mumbai,Maharashtra,OFFICE CHAIR,Furniture,2,9114.787,0.0,16572.34,Delivered,16572.34,16572.34
ORD0769,2025-06-24,Rahul,Hyderabad,Telangana,OFFICE CHAIR,Furniture,4,8703.123000000001,3164.77,28482.95,Returned,31647.72,28482.95
ORD0770,2025-09-22,Vishnu,Pune,Maharashtra,SMARTWATCH,Electronics,2,6499.878,2363.59,9454.37,Delivered,11817.96,9454.369999999999
ORD0771,2025-09-25,Arjun,Hyderabad,Telangana,SHOES,Fashion,4,3670.425,1334.7,12012.3,Delivered,13347.0,12012.3
ORD0772,2025-08-28,Aditya,Hyderabad,Telangana,COFFEE MAKER,Home Appliances,5,6559.52,5963.2,23852.8,Delivered,29816.0,23852.8
ORD0773,2025-11-24,Deepak,Mumbai,Maharashtra,T-SHIRT,Fashion,1,1041.183,94.65,851.88,Delivered,946.53,851.88
ORD0774,2025-08-14,Vishnu,Mumbai,Maharashtra,HEADPHONES,Electronics,3,2650.5270000000005,722.87,6505.84,Delivered,7228.710000000001,6505.840000000001
ORD0775,2025-11-15,Riya,Bengaluru,Karnataka,TABLET,Electronics,3,17880.412,0.0,48764.76,Cancelled,48764.76,48764.76
ORD0776,2025-03-14,Kavya,Kochi,Kerala,HEADPHONES,Electronics,3,2650.1639999999998,722.77,6504.95,Cancelled,7227.719999999999,6504.949999999999
ORD0777,2025-10-04,Pooja,Vijayawada,Andhra Pradesh,TABLET,Electronics,3,21353.288000000004,5823.62,52412.62,Delivered,58236.240000000005,52412.62
ORD0778,2025-02-14,Nikhil,Kolkata,West Bengal,LAPTOP,Electronics,1,48347.64000000001,0.0,43952.4,Shipped,43952.4,43952.4
ORD0779,2025-12-25,Pooja,Jaipur,Rajasthan,SHOES,Fashion,5,3756.6650000000004,2561.36,14514.39,Cancelled,17075.75,14514.39
ORD0780,2025-10-01,Ananya,Pune,Maharashtra,SMARTWATCH,Electronics,2,6362.664000000001,1735.27,9833.21,Shipped,11568.48,9833.21
ORD0781,2025-12-17,Varun,Vijayawada,Andhra Pradesh,TABLET,Electronics,4,19624.11,0.0,71360.4,Returned,71360.4,71360.4
ORD0782,2025-11-12,Harsha,Chennai,Tamil Nadu,MONITOR,Electronics,2,14153.293,0.0,25733.26,Delivered,25733.26,25733.26
ORD0783,2025-02-03,Rahul,Pune,Maharashtra,TABLET,Electronics,3,19750.522,5386.51,48478.55,Delivered,53865.06,48478.549999999996
ORD0784,2025-11-06,Sanjay,Kolkata,West Bengal,MONITOR,Electronics,2,13907.366,1264.31,24021.81,Delivered,25286.12,24021.809999999998
ORD0785,2025-02-06,Kavya,Delhi,Delhi,SMARTPHONE,Electronics,1,24471.766000000003,1112.35,21134.71,Cancelled,22247.06,21134.710000000003
ORD0786,2025-10-08,Charan,Jaipur,Rajasthan,GAMING MOUSE,Gaming,4,2478.498,0.0,9012.72,Shipped,9012.72,9012.72
ORD0787,2025-08-09,Nikhil,Pune,Maharashtra,SMARTPHONE,Electronics,2,25139.246000000003,9141.54,36566.18,Cancelled,45707.72,36566.18
ORD0788,2025-12-31,Sanjay,Chennai,Tamil Nadu,OFFICE CHAIR,Furniture,2,9667.163,2636.5,14940.16,Shipped,17576.66,14940.16
ORD0789,2025-08-16,Charan,Jaipur,Rajasthan,DESK,Furniture,4,7784.832,1415.42,26893.06,Delivered,28308.48,26893.059999999998
ORD0790,2025-07-14,Kiran,Jaipur,Rajasthan,SMARTPHONE,Electronics,1,25720.079,3507.28,19874.61,Shipped,23381.89,19874.61
ORD0791,2025-11-22,Aarav,Chennai,Tamil Nadu,SMARTPHONE,Electronics,2,26151.763000000003,4754.87,42793.79,Delivered,47548.66,42793.79
ORD0792,2025-08-17,Deepak,Kochi,Kerala,MONITOR,Electronics,3,13505.107000000002,3683.21,33148.9,Delivered,36832.11,33148.9
ORD0793,2025-06-26,Ananya,Jaipur,Rajasthan,SMARTWATCH,Electronics,3,6313.527,1721.87,15496.84,Cancelled,17218.71,15496.84
ORD0794,2025-05-31,Aditya,Kochi,Kerala,DESK,Furniture,4,7126.438,5182.86,20731.46,Delivered,25914.32,20731.46
ORD0795,2025-02-26,Kavya,Hyderabad,Telangana,LAPTOP,Electronics,5,54239.097,49308.27,197233.08,Delivered,246541.34999999998,197233.08
ORD0796,2025-07-15,Meena,Jaipur,Rajasthan,GAMING MOUSE,Gaming,4,2331.978,1271.99,7207.93,Shipped,8479.92,7207.93
ORD0797,2025-10-12,Meena,Chennai,Tamil Nadu,OFFICE CHAIR,Furniture,2,8675.062,1577.28,14195.56,Delivered,15772.84,14195.56
ORD0798,2025-11-28,Aarav,Mumbai,Maharashtra,TABLET,Electronics,2,17865.947,0.0,32483.54,Delivered,32483.54,32483.54
ORD0799,2025-08-01,Pooja,Delhi,Delhi,BACKPACK,Accessories,2,1836.3400000000001,0.0,3338.8,Returned,3338.8,3338.8
ORD0800,2025-08-06,Riya,Delhi,Delhi,COFFEE MAKER,Home Appliances,5,7084.781000000001,0.0,32203.55,Shipped,32203.55,32203.55
ORD0801,2025-10-23,Rahul,Chennai,Tamil Nadu,GAMING KEYBOARD,Gaming,2,5053.532,918.82,8269.42,Returned,9188.24,8269.42
ORD0802,2025-10-23,Manoj,Kochi,Kerala,SHOES,Fashion,3,3820.3,1041.9,9377.1,Delivered,10419.0,9377.1
ORD0803,2025-12-20,Ananya,Kolkata,West Bengal,DESK,Furniture,3,7823.618,0.0,21337.14,Delivered,21337.14,21337.14
ORD0804,2025-11-09,Ananya,Mumbai,Maharashtra,JEANS,Fashion,4,1812.9760000000003,659.26,5933.38,Delivered,6592.64,5933.38
ORD0805,2025-11-10,Aditya,Vijayawada,Andhra Pradesh,BACKPACK,Accessories,5,2011.5370000000003,1828.67,7314.68,Delivered,9143.35,7314.68
ORD0806,2025-08-29,Sanjay,Hyderabad,Telangana,T-SHIRT,Fashion,4,992.508,360.91,3248.21,Returned,3609.12,3248.21
ORD0807,2025-12-22,Sneha,Pune,Maharashtra,GAMING MOUSE,Gaming,3,2259.07,308.05,5853.05,Returned,6161.099999999999,5853.049999999999
ORD0808,2025-10-24,Charan,Jaipur,Rajasthan,SHOES,Fashion,3,3611.025,0.0,9848.25,Cancelled,9848.25,9848.25
ORD0809,2025-02-12,Bhavya,Mumbai,Maharashtra,BACKPACK,Accessories,5,1895.575,0.0,8616.25,Cancelled,8616.25,8616.25
ORD0810,2025-05-21,Harsha,Mumbai,Maharashtra,JEANS,Fashion,3,2025.8590000000002,0.0,5525.07,Delivered,5525.07,5525.07
ORD0811,2025-08-17,Manoj,Bengaluru,Karnataka,DESK,Furniture,5,7162.749000000001,4883.69,27674.26,Delivered,32557.95,27674.260000000002
ORD0812,2025-01-17,Kiran,Chennai,Tamil Nadu,T-SHIRT,Fashion,4,1049.279,0.0,3815.56,Delivered,3815.56,3815.56
ORD0813,2025-07-16,Divya,Bengaluru,Karnataka,DESK,Furniture,4,8460.122000000001,6152.82,24611.26,Returned,30764.08,24611.260000000002
ORD0814,2025-06-26,Aditya,Bengaluru,Karnataka,SHOES,Fashion,2,3684.989,670.0,6029.98,Returned,6699.98,6029.98
ORD0815,2025-09-01,Kavya,Vijayawada,Andhra Pradesh,T-SHIRT,Fashion,1,982.8720000000001,0.0,893.52,Shipped,893.52,893.52
ORD0816,2025-09-29,Nikhil,Delhi,Delhi,HEADPHONES,Electronics,4,2619.4410000000003,952.52,8572.72,Delivered,9525.24,8572.72
ORD0817,2025-09-29,Vishnu,Kolkata,West Bengal,COFFEE MAKER,Home Appliances,4,6886.4400000000005,3756.24,21285.36,Delivered,25041.6,21285.36
ORD0818,2025-11-30,Harsha,Kochi,Kerala,COFFEE MAKER,Home Appliances,3,7052.452,3846.79,15387.17,Delivered,19233.96,15387.169999999998
ORD0819,2025-08-25,Vishnu,Vijayawada,Andhra Pradesh,SMARTWATCH,Electronics,3,6151.849000000001,2516.67,14261.1,Returned,16777.77,14261.1
ORD0820,2025-12-20,Charan,Jaipur,Rajasthan,SHOES,Fashion,2,3405.5340000000006,619.19,5572.69,Delivered,6191.88,5572.6900000000005
ORD0821,2025-09-26,Arjun,Hyderabad,Telangana,LAPTOP,Electronics,1,48621.364,0.0,44201.24,Returned,44201.24,44201.24
ORD0822,2025-01-13,Sneha,Chennai,Tamil Nadu,GAMING KEYBOARD,Gaming,3,4646.147000000001,633.57,12037.74,Delivered,12671.310000000001,12037.740000000002
ORD0823,2025-03-03,Ananya,Chennai,Tamil Nadu,DESK,Furniture,5,7117.561000000001,4852.88,27499.67,Cancelled,32352.550000000003,27499.670000000002
ORD0824,2025-05-10,Kavya,Jaipur,Rajasthan,GAMING MOUSE,Gaming,2,2514.6990000000005,0.0,4572.18,Shipped,4572.18,4572.18
ORD0825,2025-12-08,Kiran,Kolkata,West Bengal,BACKPACK,Accessories,3,1951.0810000000001,1064.23,4256.9,Delivered,5321.13,4256.9
ORD0826,2025-07-18,Kiran,Vijayawada,Andhra Pradesh,T-SHIRT,Fashion,3,903.3530000000001,492.74,1970.95,Delivered,2463.69,1970.95
ORD0827,2025-04-13,Sneha,Mumbai,Maharashtra,JEANS,Fashion,2,1809.478,329.0,2960.96,Shipped,3289.96,2960.96
ORD0828,2025-08-09,Deepak,Kolkata,West Bengal,BACKPACK,Accessories,1,1996.0930000000003,0.0,1814.63,Cancelled,1814.63,1814.63
ORD0829,2025-02-06,Sanjay,Kolkata,West Bengal,COFFEE MAKER,Home Appliances,3,6484.852,0.0,17685.96,Returned,17685.96,17685.96
ORD0830,2025-11-24,Aarav,Kolkata,West Bengal,T-SHIRT,Fashion,1,920.469,83.68,753.11,Delivered,836.79,753.1099999999999
ORD0831,2025-09-21,Rahul,Bengaluru,Karnataka,SMARTWATCH,Electronics,3,6140.310000000001,1674.63,15071.67,Shipped,16746.300000000003,15071.670000000002
ORD0832,2025-12-19,Rahul,Vijayawada,Andhra Pradesh,GAMING MOUSE,Gaming,5,2179.606,0.0,9907.3,Delivered,9907.3,9907.3
ORD0833,2025-01-29,Varun,Pune,Maharashtra,OFFICE CHAIR,Furniture,3,8981.291000000001,3674.16,20820.27,Returned,24494.43,20820.27
ORD0834,2025-05-29,Varun,Kochi,Kerala,GAMING KEYBOARD,Gaming,3,5287.7660000000005,0.0,14421.18,Delivered,14421.18,14421.18
ORD0835,2025-12-23,Meena,Hyderabad,Telangana,OFFICE CHAIR,Furniture,4,8772.181,4784.83,27114.01,Delivered,31898.84,27114.010000000002
ORD0836,2025-01-19,Deepak,Vijayawada,Andhra Pradesh,MONITOR,Electronics,4,12380.181,6752.83,38266.01,Delivered,45018.84,38266.009999999995
ORD0837,2025-11-26,Kavya,Kolkata,West Bengal,HEADPHONES,Electronics,4,2911.007,0.0,10585.48,Shipped,10585.48,10585.48
ORD0838,2025-06-22,Aditya,Kolkata,West Bengal,JEANS,Fashion,1,1916.3540000000003,0.0,1742.14,Shipped,1742.14,1742.14
ORD0839,2025-10-02,Bhavya,Kochi,Kerala,HEADPHONES,Electronics,4,2953.61,1611.06,9129.34,Returned,10740.4,9129.34
ORD0840,2025-12-01,Aarav,Vijayawada,Andhra Pradesh,HEADPHONES,Electronics,1,2552.8800000000006,348.12,1972.68,Shipped,2320.8,1972.6800000000003
ORD0841,2025-01-26,Kavya,Chennai,Tamil Nadu,LAPTOP,Electronics,2,46255.264,0.0,84100.48,Delivered,84100.48,84100.48
ORD0842,2025-02-24,Arjun,Bengaluru,Karnataka,DESK,Furniture,5,8189.412000000001,0.0,37224.6,Shipped,37224.6,37224.6
ORD0843,2025-08-07,Kiran,Jaipur,Rajasthan,T-SHIRT,Fashion,2,1050.28,0.0,1909.6,Returned,1909.6,1909.6
ORD0844,2025-04-20,Aditya,Vijayawada,Andhra Pradesh,GAMING KEYBOARD,Gaming,5,4590.960000000001,2086.8,18781.2,Cancelled,20868.0,18781.2
ORD0845,2025-08-01,Charan,Vijayawada,Andhra Pradesh,GAMING KEYBOARD,Gaming,1,4594.821,208.86,3968.25,Returned,4177.11,3968.2499999999995
ORD0846,2025-01-21,Bhavya,Bengaluru,Karnataka,OFFICE CHAIR,Furniture,4,10146.015000000001,0.0,36894.6,Delivered,36894.6,36894.6
ORD0847,2025-01-04,Charan,Bengaluru,Karnataka,GAMING MOUSE,Gaming,1,2217.072,201.55,1813.97,Delivered,2015.52,1813.97
ORD0848,2025-09-01,Bhavya,Mumbai,Maharashtra,COFFEE MAKER,Home Appliances,4,7589.604000000001,4139.78,23458.78,Delivered,27598.56,23458.780000000002
ORD0849,2025-03-31,Sneha,Mumbai,Maharashtra,BACKPACK,Accessories,5,1945.163,884.16,7957.49,Returned,8841.65,7957.49
ORD0850,2025-11-18,Kavya,Bengaluru,Karnataka,DESK,Furniture,4,8393.462000000001,3052.17,27469.51,Delivered,30521.68,27469.510000000002
ORD0851,2025-09-29,Arjun,Kochi,Kerala,LAPTOP,Electronics,2,45713.327000000005,0.0,83115.14,Cancelled,83115.14,83115.14
ORD0852,2025-11-17,Vishnu,Kochi,Kerala,JEANS,Fashion,5,1965.832,0.0,8935.6,Delivered,8935.599999999999,8935.599999999999
ORD0853,2025-08-31,Rahul,Chennai,Tamil Nadu,LAPTOP,Electronics,1,46027.256,8368.59,33474.37,Delivered,41842.96,33474.369999999995
ORD0854,2025-04-18,Nikhil,Hyderabad,Telangana,BACKPACK,Accessories,1,1926.221,262.67,1488.44,Delivered,1751.11,1488.4399999999998
ORD0855,2025-10-03,Charan,Kolkata,West Bengal,DESK,Furniture,1,8070.238,0.0,7336.58,Delivered,7336.58,7336.58
ORD0856,2025-08-16,Sanjay,Kochi,Kerala,MONITOR,Electronics,1,14243.009000000002,0.0,12948.19,Cancelled,12948.19,12948.19
ORD0857,2025-06-16,Divya,Chennai,Tamil Nadu,GAMING MOUSE,Gaming,3,2555.025,0.0,6968.25,Delivered,6968.25,6968.25
ORD0858,2025-02-07,Rahul,Delhi,Delhi,SHOES,Fashion,2,3795.5170000000003,690.09,6210.85,Cancelled,6900.94,6210.849999999999
ORD0859,2025-08-21,Charan,Delhi,Delhi,LAPTOP,Electronics,2,53736.07800000001,0.0,97701.96,Shipped,97701.96,97701.96
ORD0860,2025-05-19,Deepak,Kolkata,West Bengal,TABLET,Electronics,2,19240.012,5247.28,29734.56,Delivered,34981.84,29734.559999999998
ORD0861,2025-08-27,Pooja,Jaipur,Rajasthan,LAPTOP,Electronics,1,45901.361000000004,2086.43,39642.08,Shipped,41728.51,39642.08
ORD0862,2025-11-23,Sneha,Pune,Maharashtra,T-SHIRT,Fashion,2,1010.5150000000001,91.86,1745.44,Delivered,1837.3,1745.44
ORD0863,2025-09-08,Deepak,Chennai,Tamil Nadu,OFFICE CHAIR,Furniture,1,10017.546000000002,910.69,8196.17,Cancelled,9106.86,8196.17
ORD0864,2025-05-07,Divya,Kolkata,West Bengal,JEANS,Fashion,3,2071.091,0.0,5648.43,Delivered,5648.43,5648.43
ORD0865,2025-01-03,Nikhil,Chennai,Tamil Nadu,DESK,Furniture,5,8337.186000000002,0.0,37896.3,Delivered,37896.3,37896.3
ORD0866,2025-09-03,Arjun,Kochi,Kerala,MONITOR,Electronics,1,13282.159000000001,1207.47,10867.22,Shipped,12074.69,10867.220000000001
ORD0867,2025-07-28,Deepak,Vijayawada,Andhra Pradesh,HEADPHONES,Electronics,5,2481.831,2256.21,9024.84,Delivered,11281.05,9024.84
ORD0868,2025-06-06,Charan,Chennai,Tamil Nadu,SMARTWATCH,Electronics,1,6025.536000000001,0.0,5477.76,Returned,5477.76,5477.76
ORD0869,2025-08-26,Bhavya,Jaipur,Rajasthan,JEANS,Fashion,5,2168.661,0.0,9857.55,Returned,9857.55,9857.55
ORD0870,2025-11-18,Ananya,Pune,Maharashtra,TABLET,Electronics,4,20328.275,11088.15,62832.85,Shipped,73921.0,62832.85
ORD0871,2025-12-24,Sneha,Hyderabad,Telangana,OFFICE CHAIR,Furniture,3,9822.901,2678.97,24110.76,Cancelled,26789.73,24110.76
ORD0872,2025-01-29,Ravi,Chennai,Tamil Nadu,T-SHIRT,Fashion,1,1065.405,96.86,871.69,Returned,968.55,871.6899999999999
ORD0873,2025-11-13,Aditya,Hyderabad,Telangana,COFFEE MAKER,Home Appliances,1,6957.797000000001,632.53,5692.74,Delivered,6325.27,5692.740000000001
ORD0874,2025-04-15,Bhavya,Kochi,Kerala,TABLET,Electronics,1,20628.971,1875.36,16878.25,Delivered,18753.61,16878.25
ORD0875,2025-10-25,Deepak,Vijayawada,Andhra Pradesh,OFFICE CHAIR,Furniture,4,10171.205,5547.93,31438.27,Returned,36986.2,31438.269999999997
ORD0876,2025-05-22,Aditya,Pune,Maharashtra,GAMING KEYBOARD,Gaming,3,5128.42,1398.66,12587.94,Delivered,13986.599999999999,12587.939999999999
ORD0877,2025-03-04,Rahul,Kolkata,West Bengal,GAMING KEYBOARD,Gaming,4,4976.411000000001,1809.6,16286.44,Returned,18096.04,16286.44
ORD0878,2025-12-11,Ananya,Kochi,Kerala,BACKPACK,Accessories,3,2027.8940000000002,553.06,4977.56,Delivered,5530.62,4977.5599999999995
ORD0879,2025-02-09,Arjun,Vijayawada,Andhra Pradesh,SMARTPHONE,Electronics,4,23175.724000000002,0.0,84275.36,Delivered,84275.36,84275.36
ORD0880,2025-09-24,Varun,Bengaluru,Karnataka,SMARTPHONE,Electronics,4,26014.967000000004,0.0,94599.88,Delivered,94599.88,94599.88
ORD0881,2025-08-16,Varun,Kochi,Kerala,GAMING MOUSE,Gaming,2,2345.8050000000003,426.51,3838.59,Delivered,4265.1,3838.59
ORD0882,2025-09-24,Varun,Vijayawada,Andhra Pradesh,HEADPHONES,Electronics,1,2916.089,530.2,2120.79,Delivered,2650.99,2120.79
ORD0883,2025-12-23,Ravi,Pune,Maharashtra,DESK,Furniture,3,7843.77,2139.21,19252.89,Cancelled,21392.1,19252.89
ORD0884,2025-06-06,Charan,Mumbai,Maharashtra,MONITOR,Electronics,5,14251.468,0.0,64779.4,Delivered,64779.399999999994,64779.399999999994
ORD0885,2025-03-17,Manoj,Pune,Maharashtra,MONITOR,Electronics,3,14112.153,7697.54,30790.15,Delivered,38487.69,30790.15
ORD0886,2025-04-04,Charan,Jaipur,Rajasthan,TABLET,Electronics,2,19939.854,5438.14,30816.14,Returned,36254.28,30816.14
ORD0887,2025-10-22,Bhavya,Chennai,Tamil Nadu,TABLET,Electronics,1,21755.338000000003,0.0,19777.58,Shipped,19777.58,19777.58
ORD0888,2025-12-07,Kiran,Bengaluru,Karnataka,GAMING KEYBOARD,Gaming,2,5155.062000000001,937.28,8435.56,Delivered,9372.84,8435.56
ORD0889,2025-03-04,Aarav,Kolkata,West Bengal,GAMING KEYBOARD,Gaming,5,4983.308,0.0,22651.4,Shipped,22651.399999999998,22651.399999999998
ORD0890,2025-10-07,Ravi,Bengaluru,Karnataka,T-SHIRT,Fashion,4,921.8990000000001,167.62,3184.74,Delivered,3352.36,3184.7400000000002
ORD0891,2025-10-17,Pooja,Mumbai,Maharashtra,MONITOR,Electronics,5,12268.300000000001,8364.75,47400.25,Delivered,55765.0,47400.25
ORD0892,2025-03-01,Kavya,Kolkata,West Bengal,SHOES,Fashion,1,3645.3230000000003,0.0,3313.93,Delivered,3313.93,3313.93
ORD0893,2025-01-29,Sneha,Chennai,Tamil Nadu,DESK,Furniture,4,7072.417000000001,1285.89,24431.99,Returned,25717.88,24431.99
ORD0894,2025-05-23,Deepak,Kochi,Kerala,DESK,Furniture,2,8370.923,3043.97,12175.89,Delivered,15219.86,12175.890000000001
ORD0895,2025-09-09,Kiran,Kolkata,West Bengal,OFFICE CHAIR,Furniture,1,9152.572000000002,832.05,7488.47,Cancelled,8320.52,7488.47
ORD0896,2025-08-07,Manoj,Hyderabad,Telangana,OFFICE CHAIR,Furniture,3,8691.661,2370.45,21334.08,Shipped,23704.53,21334.079999999998
ORD0897,2025-08-17,Riya,Mumbai,Maharashtra,LAPTOP,Electronics,3,47600.047,6490.92,123327.39,Delivered,129818.31,123327.39
ORD0898,2025-03-25,Nikhil,Kolkata,West Bengal,SHOES,Fashion,4,3479.52,2530.56,10122.24,Returned,12652.8,10122.24
ORD0899,2025-06-05,Rahul,Jaipur,Rajasthan,TABLET,Electronics,5,18388.81,0.0,83585.5,Cancelled,83585.5,83585.5
ORD0900,2025-11-24,Harsha,Jaipur,Rajasthan,SMARTPHONE,Electronics,4,21812.032,0.0,79316.48,Shipped,79316.48,79316.48
ORD0901,2025-04-13,Charan,Kolkata,West Bengal,OFFICE CHAIR,Furniture,5,10125.808,9205.28,36821.12,Shipped,46026.4,36821.12
ORD0902,2025-10-27,Kavya,Kolkata,West Bengal,OFFICE CHAIR,Furniture,1,9960.082000000002,1810.92,7243.7,Shipped,9054.62,7243.700000000001
ORD0903,2025-03-20,Harsha,Kolkata,West Bengal,SHOES,Fashion,2,3725.0180000000005,0.0,6772.76,Delivered,6772.76,6772.76
ORD0904,2025-12-19,Varun,Mumbai,Maharashtra,SMARTPHONE,Electronics,4,24160.73,0.0,87857.2,Delivered,87857.2,87857.2
ORD0905,2025-07-05,Sanjay,Mumbai,Maharashtra,SMARTPHONE,Electronics,4,24678.632,0.0,89740.48,Shipped,89740.48,89740.48
ORD0906,2025-07-11,Ravi,Mumbai,Maharashtra,GAMING MOUSE,Gaming,4,2574.0440000000003,1404.02,7956.14,Returned,9360.16,7956.139999999999
ORD0907,2025-06-13,Pooja,Mumbai,Maharashtra,LAPTOP,Electronics,2,45129.249,8205.32,73847.86,Returned,82053.18,73847.85999999999
ORD0908,2025-11-22,Manoj,Bengaluru,Karnataka,GAMING KEYBOARD,Gaming,1,4812.555,218.75,4156.3,Delivered,4375.05,4156.3
ORD0909,2025-11-18,Charan,Kochi,Kerala,SMARTWATCH,Electronics,1,5679.52,516.32,4646.88,Delivered,5163.2,4646.88
ORD0910,2025-12-17,Kavya,Bengaluru,Karnataka,T-SHIRT,Fashion,5,1063.7440000000001,241.76,4593.44,Delivered,4835.2,4593.44
ORD0911,2025-01-07,Bhavya,Kochi,Kerala,SMARTPHONE,Electronics,5,25764.849000000002,5855.65,111257.3,Cancelled,117112.95,111257.3
ORD0912,2025-03-25,Arjun,Kolkata,West Bengal,GAMING KEYBOARD,Gaming,4,5366.702,975.76,18539.52,Delivered,19515.28,18539.52
ORD0913,2025-11-11,Ravi,Chennai,Tamil Nadu,OFFICE CHAIR,Furniture,2,10092.5,3670.0,14680.0,Cancelled,18350.0,14680.0
ORD0914,2025-03-01,Bhavya,Vijayawada,Andhra Pradesh,SHOES,Fashion,4,3812.8860000000004,1386.5,12478.54,Delivered,13865.04,12478.54
ORD0915,2025-11-02,Ravi,Mumbai,Maharashtra,GAMING KEYBOARD,Gaming,3,5263.863,0.0,14355.99,Delivered,14355.99,14355.99
ORD0916,2025-04-24,Bhavya,Mumbai,Maharashtra,SHOES,Fashion,1,3741.463,510.2,2891.13,Returned,3401.33,2891.13
ORD0917,2025-02-10,Nikhil,Chennai,Tamil Nadu,SHOES,Fashion,3,3315.7300000000005,0.0,9042.9,Returned,9042.900000000001,9042.900000000001
ORD0918,2025-04-11,Arjun,Hyderabad,Telangana,SMARTPHONE,Electronics,4,23867.239000000005,17357.99,69431.97,Delivered,86789.96,69431.97
ORD0919,2025-01-23,Ananya,Hyderabad,Telangana,DESK,Furniture,4,8329.134,0.0,30287.76,Delivered,30287.76,30287.76
ORD0920,2025-04-13,Charan,Vijayawada,Andhra Pradesh,T-SHIRT,Fashion,1,931.6670000000001,84.7,762.27,Returned,846.97,762.27
ORD0921,2025-05-23,Sanjay,Vijayawada,Andhra Pradesh,LAPTOP,Electronics,2,51937.358,18886.31,75545.25,Delivered,94431.56,75545.25
ORD0922,2025-02-04,Arjun,Kochi,Kerala,TABLET,Electronics,5,19819.436999999998,0.0,90088.35,Cancelled,90088.34999999999,90088.34999999999
ORD0923,2025-10-03,Aarav,Chennai,Tamil Nadu,OFFICE CHAIR,Furniture,2,8736.211000000001,794.2,15089.82,Returned,15884.02,15089.82
ORD0924,2025-07-07,Sanjay,Chennai,Tamil Nadu,COFFEE MAKER,Home Appliances,5,7447.088000000001,6770.08,27080.32,Delivered,33850.4,27080.32
ORD0925,2025-07-14,Nikhil,Vijayawada,Andhra Pradesh,BACKPACK,Accessories,2,1922.5140000000001,699.1,2796.38,Delivered,3495.48,2796.38
ORD0926,2025-03-05,Pooja,Delhi,Delhi,HEADPHONES,Electronics,1,3016.541,548.46,2193.85,Delivered,2742.31,2193.85
ORD0927,2025-01-21,Ananya,Kolkata,West Bengal,TABLET,Electronics,3,18961.558,7757.0,43956.34,Delivered,51713.34,43956.34
ORD0928,2025-06-09,Vishnu,Delhi,Delhi,SMARTPHONE,Electronics,3,24685.881,6732.51,60592.62,Shipped,67325.13,60592.62
ORD0929,2025-02-05,Rahul,Delhi,Delhi,OFFICE CHAIR,Furniture,3,9215.283000000001,5026.52,20106.07,Returned,25132.590000000004,20106.070000000003
ORD0930,2025-08-13,Ravi,Hyderabad,Telangana,TABLET,Electronics,4,18236.482,9947.17,56367.31,Returned,66314.48,56367.31
ORD0931,2025-02-22,Charan,Bengaluru,Karnataka,SMARTPHONE,Electronics,4,25143.976000000002,9143.26,82289.38,Delivered,91432.64,82289.38
ORD0932,2025-07-26,Arjun,Pune,Maharashtra,HEADPHONES,Electronics,2,2939.2110000000007,534.4,4809.62,Delivered,5344.02,4809.620000000001
ORD0933,2025-10-25,Sanjay,Kolkata,West Bengal,SHOES,Fashion,3,3670.304,2001.98,8007.94,Delivered,10009.92,8007.9400000000005
ORD0934,2025-09-19,Harsha,Kolkata,West Bengal,GAMING KEYBOARD,Gaming,5,5432.647000000001,2469.39,22224.46,Delivered,24693.850000000002,22224.460000000003
ORD0935,2025-11-18,Bhavya,Vijayawada,Andhra Pradesh,SMARTPHONE,Electronics,3,24186.800000000003,6596.4,59367.6,Delivered,65964.0,59367.6
ORD0936,2025-04-02,Meena,Hyderabad,Telangana,SHOES,Fashion,1,3645.389,331.4,2982.59,Cancelled,3313.99,2982.5899999999997
ORD0937,2025-02-09,Vishnu,Mumbai,Maharashtra,TABLET,Electronics,5,18201.48,8273.4,74460.6,Cancelled,82734.0,74460.6
ORD0938,2025-09-09,Ravi,Kolkata,West Bengal,T-SHIRT,Fashion,2,1022.0980000000001,92.92,1765.44,Delivered,1858.36,1765.4399999999998
ORD0939,2025-01-17,Nikhil,Kochi,Kerala,GAMING KEYBOARD,Gaming,5,5398.052,0.0,24536.6,Delivered,24536.6,24536.6
ORD0940,2025-01-17,Charan,Pune,Maharashtra,MONITOR,Electronics,4,13093.487000000001,4761.27,42851.41,Cancelled,47612.68,42851.41
ORD0941,2025-07-19,Rahul,Bengaluru,Karnataka,COFFEE MAKER,Home Appliances,4,6627.313,2409.93,21689.39,Delivered,24099.32,21689.39
ORD0942,2025-08-29,Rahul,Kolkata,West Bengal,BACKPACK,Accessories,5,1995.5980000000002,1360.63,7710.27,Cancelled,9070.9,7710.2699999999995
ORD0943,2025-07-13,Sneha,Hyderabad,Telangana,OFFICE CHAIR,Furniture,4,9340.067000000001,1698.19,32265.69,Returned,33963.88,32265.69
ORD0944,2025-01-24,Bhavya,Mumbai,Maharashtra,T-SHIRT,Fashion,3,896.5770000000001,0.0,2445.21,Delivered,2445.21,2445.21
ORD0945,2025-06-24,Meena,Jaipur,Rajasthan,T-SHIRT,Fashion,1,1067.4840000000002,194.09,776.35,Delivered,970.44,776.35
ORD0946,2025-05-06,Divya,Pune,Maharashtra,GAMING KEYBOARD,Gaming,4,4510.880000000001,820.16,15583.04,Delivered,16403.2,15583.04
ORD0947,2025-06-22,Charan,Vijayawada,Andhra Pradesh,DESK,Furniture,1,7399.568000000001,1345.38,5381.5,Delivered,6726.88,5381.5
ORD0948,2025-10-18,Ravi,Hyderabad,Telangana,GAMING KEYBOARD,Gaming,4,5309.733,2896.22,16411.9,Shipped,19308.12,16411.899999999998
ORD0949,2025-07-13,Sanjay,Kolkata,West Bengal,LAPTOP,Electronics,5,54309.068,0.0,246859.4,Shipped,246859.4,246859.4
ORD0950,2025-04-16,Kiran,Vijayawada,Andhra Pradesh,DESK,Furniture,4,7993.9310000000005,0.0,29068.84,Shipped,29068.84,29068.84
ORD0951,2025-08-12,Deepak,Pune,Maharashtra,T-SHIRT,Fashion,2,950.301,172.78,1555.04,Shipped,1727.82,1555.04
ORD0952,2025-06-02,Sanjay,Kochi,Kerala,JEANS,Fashion,2,1887.006,171.55,3259.37,Shipped,3430.92,3259.37
ORD0953,2025-05-20,Ananya,Vijayawada,Andhra Pradesh,DESK,Furniture,5,7841.4710000000005,0.0,35643.05,Cancelled,35643.049999999996,35643.049999999996
ORD0954,2025-11-30,Kavya,Delhi,Delhi,MONITOR,Electronics,2,13980.516000000001,1270.96,24148.16,Cancelled,25419.12,24148.16
ORD0955,2025-05-09,Sneha,Kochi,Kerala,GAMING MOUSE,Gaming,3,2378.53,0.0,6486.9,Cancelled,6486.900000000001,6486.900000000001
ORD0956,2025-09-22,Charan,Kochi,Kerala,BACKPACK,Accessories,2,2030.622,0.0,3692.04,Cancelled,3692.04,3692.04
ORD0957,2025-11-11,Nikhil,Kolkata,West Bengal,HEADPHONES,Electronics,3,2767.9960000000005,1132.36,6416.72,Cancelled,7549.08,6416.72
ORD0958,2025-03-19,Vishnu,Chennai,Tamil Nadu,OFFICE CHAIR,Furniture,3,8691.276,2370.35,21333.13,Delivered,23703.48,21333.13
ORD0959,2025-07-31,Harsha,Pune,Maharashtra,GAMING MOUSE,Gaming,1,2276.5270000000005,310.44,1759.13,Delivered,2069.57,1759.13
ORD0960,2025-03-18,Deepak,Jaipur,Rajasthan,SMARTWATCH,Electronics,2,5733.563,1042.47,9382.19,Delivered,10424.66,9382.19
ORD0961,2025-08-12,Nikhil,Mumbai,Maharashtra,T-SHIRT,Fashion,4,1001.8470000000001,364.31,3278.77,Returned,3643.08,3278.77
ORD0962,2025-05-23,Vishnu,Bengaluru,Karnataka,HEADPHONES,Electronics,3,2491.0270000000005,0.0,6793.71,Cancelled,6793.710000000001,6793.710000000001
ORD0963,2025-02-12,Kiran,Hyderabad,Telangana,BACKPACK,Accessories,4,1789.8870000000002,1301.74,5206.94,Cancelled,6508.68,5206.9400000000005
ORD0964,2025-02-16,Meena,Vijayawada,Andhra Pradesh,JEANS,Fashion,4,2047.98,372.36,7074.84,Returned,7447.2,7074.84
ORD0965,2025-03-03,Ravi,Vijayawada,Andhra Pradesh,HEADPHONES,Electronics,5,2750.132,1875.09,10625.51,Returned,12500.599999999999,10625.509999999998
ORD0966,2025-05-02,Sneha,Kochi,Kerala,T-SHIRT,Fashion,3,1066.142,290.77,2616.89,Delivered,2907.66,2616.89
ORD0967,2025-05-01,Nikhil,Jaipur,Rajasthan,GAMING KEYBOARD,Gaming,4,5195.894,3778.83,15115.33,Delivered,18894.16,15115.33
ORD0968,2025-05-11,Sanjay,Bengaluru,Karnataka,SMARTPHONE,Electronics,2,23907.059,2173.37,41294.01,Delivered,43467.38,41294.009999999995
ORD0969,2025-09-01,Vishnu,Pune,Maharashtra,OFFICE CHAIR,Furniture,1,9435.547,428.89,8148.88,Delivered,8577.77,8148.88
ORD0970,2025-06-07,Aarav,Bengaluru,Karnataka,COFFEE MAKER,Home Appliances,3,7458.407,2034.11,18307.0,Returned,20341.11,18307.0
ORD0971,2025-06-08,Varun,Hyderabad,Telangana,LAPTOP,Electronics,2,50022.005000000005,4547.45,86401.65,Returned,90949.1,86401.65000000001
ORD0972,2025-08-15,Meena,Vijayawada,Andhra Pradesh,COFFEE MAKER,Home Appliances,5,6773.030000000001,6157.3,24629.2,Delivered,30786.5,24629.2
ORD0973,2025-05-01,Kavya,Mumbai,Maharashtra,COFFEE MAKER,Home Appliances,3,7773.942000000001,0.0,21201.66,Delivered,21201.66,21201.66
ORD0974,2025-07-28,Aditya,Kolkata,West Bengal,COFFEE MAKER,Home Appliances,3,7531.436000000001,4108.06,16432.22,Delivered,20540.28,16432.219999999998
ORD0975,2025-06-20,Nikhil,Kolkata,West Bengal,JEANS,Fashion,4,1945.5370000000003,1061.2,6013.48,Delivered,7074.68,6013.4800000000005
ORD0976,2025-11-05,Riya,Mumbai,Maharashtra,SHOES,Fashion,5,3415.7090000000003,0.0,15525.95,Returned,15525.95,15525.95
ORD0977,2025-11-19,Pooja,Hyderabad,Telangana,MONITOR,Electronics,1,13573.802000000001,1850.97,10488.85,Returned,12339.82,10488.85
ORD0978,2025-10-22,Ananya,Delhi,Delhi,LAPTOP,Electronics,2,47574.923,12974.98,73524.88,Delivered,86499.86,73524.88
ORD0979,2025-07-30,Kiran,Kochi,Kerala,HEADPHONES,Electronics,2,2801.7110000000002,1018.8,4075.22,Shipped,5094.02,4075.2200000000003
ORD0980,2025-06-17,Kavya,Bengaluru,Karnataka,JEANS,Fashion,3,2054.239,0.0,5602.47,Delivered,5602.47,5602.47
ORD0981,2025-10-20,Divya,Pune,Maharashtra,GAMING MOUSE,Gaming,2,2602.1710000000003,473.12,4258.1,Delivered,4731.22,4258.1
ORD0982,2025-02-15,Pooja,Kochi,Kerala,COFFEE MAKER,Home Appliances,5,6762.052000000001,4610.49,26126.11,Delivered,30736.6,26126.11
ORD0983,2025-11-04,Harsha,Bengaluru,Karnataka,SHOES,Fashion,1,3603.072,327.55,2947.97,Delivered,3275.52,2947.97
ORD0984,2025-09-27,Nikhil,Bengaluru,Karnataka,GAMING KEYBOARD,Gaming,5,4468.97,0.0,20313.5,Shipped,20313.5,20313.5
ORD0985,2025-05-17,Kavya,Chennai,Tamil Nadu,SMARTPHONE,Electronics,2,26358.893000000004,0.0,47925.26,Returned,47925.26,47925.26
ORD0986,2025-04-21,Kavya,Bengaluru,Karnataka,GAMING MOUSE,Gaming,4,2278.001,1656.73,6626.91,Returned,8283.64,6626.91
ORD0987,2025-05-29,Harsha,Bengaluru,Karnataka,GAMING MOUSE,Gaming,4,2248.6310000000003,1635.37,6541.47,Delivered,8176.84,6541.47
ORD0988,2025-08-23,Ananya,Chennai,Tamil Nadu,MONITOR,Electronics,3,13686.464000000002,3732.67,33594.05,Delivered,37326.72,33594.05
ORD0989,2025-07-16,Nikhil,Pune,Maharashtra,TABLET,Electronics,4,18660.378,10178.39,57677.53,Returned,67855.92,57677.53
ORD0990,2025-06-20,Divya,Vijayawada,Andhra Pradesh,SMARTWATCH,Electronics,1,5516.093000000001,501.46,4513.17,Shipped,5014.63,4513.17
ORD0991,2025-11-14,Meena,Jaipur,Rajasthan,DESK,Furniture,1,7320.6320000000005,0.0,6655.12,Delivered,6655.12,6655.12
ORD0992,2025-04-02,Harsha,Pune,Maharashtra,BACKPACK,Accessories,2,1798.2800000000002,326.96,2942.64,Delivered,3269.6,2942.64
ORD0993,2025-12-30,Ravi,Pune,Maharashtra,MONITOR,Electronics,4,12116.676000000001,0.0,44060.64,Shipped,44060.64,44060.64
ORD0994,2025-09-13,Harsha,Vijayawada,Andhra Pradesh,SMARTWATCH,Electronics,3,6629.0070000000005,0.0,18079.11,Returned,18079.11,18079.11
ORD0995,2025-05-16,Ravi,Delhi,Delhi,COFFEE MAKER,Home Appliances,3,7311.491000000001,997.02,18943.41,Delivered,19940.43,18943.41
ORD0996,2025-03-19,Riya,Bengaluru,Karnataka,COFFEE MAKER,Home Appliances,3,7857.223000000001,3214.32,18214.47,Returned,21428.79,18214.47
ORD0997,2025-01-19,Rahul,Chennai,Tamil Nadu,LAPTOP,Electronics,2,46825.614,0.0,85137.48,Delivered,85137.48,85137.48
ORD0998,2025-09-11,Aditya,Kolkata,West Bengal,SHOES,Fashion,4,3868.623,0.0,14067.72,Shipped,14067.72,14067.72
ORD0999,2025-03-17,Arjun,Kochi,Kerala,SHOES,Fashion,4,3515.0610000000006,1278.2,11503.84,Delivered,12782.04,11503.84
ORD1000,2025-09-18,Harsha,Mumbai,Maharashtra,HEADPHONES,Electronics,2,2567.5650000000005,933.66,3734.64,Cancelled,4668.3,3734.6400000000003
